date,pm25,pm10,no2,so2,co
2022/1/3, 26, 7, 22, 3, 
2022/1/4, 25, 5, 3, 3, 
2022/1/5, 59, 62, 3, 3, 
2022/1/6, 123, 8, 5, 3, 
2022/1/7, 18, 9, 4, 3, 
2022/1/8, 44, 6, 5, 3, 
2022/1/9, 42, 101, 6, 2, 
2022/1/10, 414, 45, 9, 3, 
2022/1/11, 59, 9, 11, 3, 
2022/1/12, 30, 8, 10, 3, 
2022/1/13, 28, 6, 7, 3, 
2022/1/14, 15, 6, 8, 3, 
2022/1/15, 17, 7, 3, 3, 
2022/1/16, 19, 7, 5, 3, 
2022/1/17, 18, 6, 16, 3, 
2022/1/18, 16, 9, 25, 3, 
2022/1/19, 23, 8, 6, 3, 
2022/1/20, 14, 9, 10, 3, 
2022/1/21, 22, 9, 6, 3, 
2022/1/22, 20, 9, 2, 3, 
2022/1/23, 40, 13, 12, 3, 
2022/1/24, 19, 10, 3, 3, 
2022/1/25, 26, 11, 12, 3, 
2022/1/26, 15, 11, 14, 3, 
2022/1/27, 19, 12, 7, 3, 
2022/1/28, 41, 24, 17, 3, 
2022/1/29, 59, 8, 1, 3, 
2022/1/30, 31, 11, 11, 3, 
2022/1/31, 17, 8, 17, 3, 
2021/10/1, 40, 8, , 2, 
2021/10/2, 31, 6, , 1, 
2021/10/3, 27, 10, , 2, 
2021/10/4, 48, 8, , 2, 
2021/10/5, 26, 7, , 2, 
2021/10/6, 52, 20, , 1, 
2021/10/7, 171, 9, , 1, 
2021/10/8, 15, 15, , 1, 
2021/10/9, 27, 8, , 2, 
2021/10/10, 17, 10, , 2, 
2021/10/11, 26, 79, , 1, 
2021/10/12, 282, 8, , 1, 
2021/10/13, 27, 16, , 2, 
2021/10/14, 48, 16, , 2, 
2021/10/15, 25, 7, , 2, 
2021/10/16, 15, 2, , 2, 
2021/10/17, 12, 5, , 2, 
2021/10/18, 11, 8, , 2, 
2021/10/19, 54, 14, , 2, 
2021/10/20, 91, 15, , 2, 
2021/10/21, 37, 6, , 2, 
2021/10/22, 16, 5, , 2, 
2021/10/23, 14, 6, , 1, 
2021/10/24, 10, 14, , 2, 
2021/10/25, 26, 5, , 1, 
2021/10/26, 26, 15, , 2, 
2021/10/27, 31, 25, , 3, 
2021/10/28, 71, 10, , 2, 
2021/10/29, 39, 27, , 3, 
2021/10/30, 81, 9, , 2, 
2021/10/31, 48, 17, , 2, 
2021/11/1, 51, 11, , 2, 
2021/11/2, 110, 15, , 2, 
2021/11/3, 34, 11, , 2, 
2021/11/4, 22, 11, , 2, 
2021/11/5, 23, 5, , 2, 
2021/11/6, 15, 5, , 2, 
2021/11/7, 11, 6, , 2, 
2021/11/8, 12, 6, , 2, 
2021/11/9, 14, 15, , 2, 
2021/11/10, 34, 13, , 2, 
2021/11/11, 54, 27, , 2, 
2021/11/12, 77, 4, , 2, 
2021/11/13, 74, 116, , 1, 
2021/11/14, 115, 10, , 2, 
2021/11/15, 23, 10, , 2, 
2021/11/16, 32, 9, , 3, 
2021/11/17, 21, 8, , 2, 
2021/11/18, 14, 9, , 3, 
2021/11/19, 17, 10, , 3, 
2021/11/20, 18, 9, , 3, 
2021/11/21, 15, 9, , 3, 
2021/11/22, 13, 10, , 3, 
2021/11/23, 18, 14, , 2, 
2021/11/24, 36, 9, , 3, 
2021/11/25, 15, 33, 23, 3, 
2021/11/26, 109, 9, 9, 2, 
2021/11/27, 26, 5, 6, 2, 
2021/11/28, 10, 6, 9, 3, 
2021/11/29, 24, 6, 13, 3, 
2021/11/30, 16, 8, 18, 3, 
2021/12/1, 25, 9, 13, 3, 
2021/12/2, 17, 9, 15, 2, 
2021/12/3, 17, 10, 24, 3, 
2021/12/4, 24, 55, 2, 2, 
2021/12/5, 97, 7, 14, 3, 
2021/12/6, 15, 9, 18, 3, 
2021/12/7, 22, 7, 4, 3, 
2021/12/8, 17, 47, 17, 3, 
2021/12/9, 62, 7, 19, 3, 
2021/12/10, 23, 5, 3, 2, 
2021/12/11, 21, 8, 1, 2, 
2021/12/12, 25, 8, 13, 3, 
2021/12/13, 16, 6, 10, 3, 
2021/12/14, 20, , , , 
2021/12/22, 20, 35, 20, 3, 
2021/12/23, 130, 16, 20, 3, 
2021/12/24, 49, 6, 2, 3, 
2021/12/25, 13, 5, 3, 3, 
2021/12/26, 17, 9, 26, 3, 
2021/12/27, 18, 9, 21, 3, 
2021/12/28, 29, 9, 9, 3, 
2021/12/29, 77, 46, 31, 4, 
2021/12/30, 143, 9, 2, 3, 
2021/12/31, 55, 11, , 3, 
2022/1/1, 135, 11, 4, 3, 
2022/1/2, 144, 8, 22, 4, 
2021/7/1, 25, 17, 8, 14, 
2021/7/2, 61, 31, 9, 27, 
2021/7/3, 85, 21, 6, 8, 
2021/7/4, 55, 14, 9, 4, 
2021/7/5, 35, 341, 8, 5, 
2021/7/6, 338, 14, 11, 7, 
2021/7/7, 32, 8, 7, 1, 
2021/7/8, 15, 9, 3, 1, 
2021/7/9, 34, 6, 2, , 
2021/7/10, 16, 5, 2, 1, 
2021/7/11, 13, 6, 4, , 
2021/7/12, 10, 6, 4, , 
2021/7/13, 14, 6, 9, 1, 
2021/7/14, 13, 8, 4, 1, 
2021/7/15, 13, 8, 9, 1, 
2021/7/16, 14, 6, 6, 1, 
2021/7/17, 16, 11, 6, 14, 
2021/7/18, 35, 20, 8, 39, 
2021/7/19, 74, 6, 10, 1, 
2021/7/20, 11, 7, 9, 1, 
2021/7/21, 20, 4, 3, , 
2021/7/22, 7, 4, 6, 1, 
2021/7/23, 8, 4, 5, 1, 
2021/7/24, 10, 6, 2, 1, 
2021/7/25, 15, 6, 3, , 
2021/7/26, 12, 7, 8, 1, 
2021/7/27, 24, 6, 8, 2, 
2021/7/28, 25, 9, 10, 3, 
2021/7/29, 35, 9, 11, 2, 
2021/7/30, 48, 9, 6, 2, 
2021/7/31, 31, 7, 3, 1, 
2021/8/1, 22, 7, 6, 1, 
2021/8/2, 16, 6, 5, 1, 
2021/8/3, 11, 5, 7, 1, 
2021/8/4, 12, 6, 10, 1, 
2021/8/5, 20, 7, 1, 1, 
2021/8/6, 25, 9, , 3, 
2021/8/7, 40, 6, , 1, 
2021/8/8, 28, 7, , 1, 
2021/8/9, 22, 9, , 2, 
2021/8/10, 46, 12, , 2, 
2021/8/11, 48, 14, , 8, 
2021/8/12, 60, 10, , 3, 
2021/8/13, 35, 8, , 1, 
2021/8/14, 26, 8, , 1, 
2021/8/15, 19, 8, , 1, 
2021/8/16, 18, 6, 1, 1, 
2021/8/17, 15, 6, , 1, 
2021/8/18, 17, 6, , 1, 
2021/8/19, 12, 5, , 1, 
2021/8/20, 13, 6, , 1, 
2021/8/21, 16, 4, , 1, 
2021/8/22, 7, 4, , 1, 
2021/8/23, 13, 4, , 1, 
2021/8/24, 9, 5, , 1, 
2021/8/25, 13, 4, , 1, 
2021/8/26, 16, 5, , 1, 
2021/8/27, 11, 8, , 3, 
2021/8/28, 20, 8, , 2, 
2021/8/29, 17, 7, , 2, 
2021/8/30, 21, 9, , 2, 
2021/8/31, 24, 7, , 1, 
2021/9/1, 13, 7, , 1, 
2021/9/2, 15, 6, , 1, 
2021/9/3, 14, 7, , , 
2021/9/4, 18, 7, , 1, 
2021/9/5, 13, 8, , 1, 
2021/9/6, 12, 7, , 1, 
2021/9/7, 13, 8, , 1, 
2021/9/8, 15, 9, , 2, 
2021/9/9, 28, 7, , 2, 
2021/9/10, 10, 6, , 1, 
2021/9/11, 15, 4, , 1, 
2021/9/12, 17, 6, , 1, 
2021/9/13, 26, 8, , 1, 
2021/9/14, 24, 6, , 1, 
2021/9/15, 12, 7, , 1, 
2021/9/16, 13, 7, , 1, 
2021/9/17, 26, 6, , 5, 
2021/9/18, 15, 5, , 2, 
2021/9/19, 17, 6, , 1, 
2021/9/20, 16, 43, , 1, 
2021/9/21, 20, 885, , 2, 
2021/9/22, 170, 130, , 1, 
2021/9/23, 12, 9, , 1, 
2021/9/24, 13, 6, , 1, 
2021/9/25, 12, 9, , 1, 
2021/9/26, 59, 21, , 1, 
2021/9/27, 104, 8, , 1, 
2021/9/28, 23, 11, , 2, 
2021/9/29, 19, 9, , 1, 
2021/9/30, 33, 11, , 2, 
2021/4/1, 24, 22, 9, , 
2021/4/2, 20, 11, 8, 1, 
2021/4/3, 12, 13, 3, , 
2021/4/4, 46, 14, 5, , 
2021/4/5, 46, 39, 11, 1, 
2021/4/6, 101, 16, 11, 6, 
2021/4/7, 34, 11, 9, 1, 
2021/4/8, 40, 27, 15, 1, 
2021/4/9, 75, 29, 12, 11, 
2021/4/10, 59, 5, 4, 1, 
2021/4/11, 14, 25, 5, , 
2021/4/12, 49, 34, 8, 12, 
2021/4/13, 69, 22, 8, , 
2021/4/14, 54, 5, 4, , 
2021/4/15, 11, 12, 8, , 
2021/4/16, 20, 17, 6, , 
2021/4/17, 24, 17, 6, 8, 
2021/4/18, 46, 16, 11, 3, 
2021/4/19, 41, 152, 17, , 
2021/4/20, 126, 30, 12, , 
2021/4/21, 45, 12, 4, , 
2021/4/22, 19, 17, 5, , 
2021/4/23, 28, 15, 3, , 
2021/4/24, 33, 13, 4, , 
2021/4/25, 32, 29, 11, 3, 
2021/4/26, 77, 38, 17, 1, 
2021/4/27, 68, 27, 8, , 
2021/4/28, 85, 31, 14, 14, 
2021/4/29, 73, 30, 14, 4, 
2021/4/30, 84, 14, 5, , 
2021/5/1, 48, 8, 3, , 
2021/5/2, 42, 20, 9, , 
2021/5/3, 80, 31, 13, 1, 
2021/5/4, 85, 17, 9, 1, 
2021/5/5, 55, 14, 7, 1, 
2021/5/6, 58, 13, 7, 1, 
2021/5/7, 46, 11, 4, , 
2021/5/8, 47, 23, 3, , 
2021/5/9, 84, 14, 7, , 
2021/5/10, 51, 13, 9, 1, 
2021/5/11, 46, 16, 16, 3, 
2021/5/12, 51, 10, 6, 2, 
2021/5/13, 27, 10, 5, 2, 
2021/5/14, 35, 25, 6, 1, 
2021/5/15, 46, 11, 3, , 
2021/5/16, 39, 8, 5, , 
2021/5/17, 32, 11, 9, 1, 
2021/5/18, 36, 12, 9, 6, 
2021/5/19, 36, 21, 13, 17, 
2021/5/20, 68, 16, 8, 4, 
2021/5/21, 62, 9, 2, 4, 
2021/5/22, 33, 9, 7, 1, 
2021/5/23, 30, 8, 3, 1, 
2021/5/24, 15, 17, 4, , 
2021/5/25, 55, 42, 3, , 
2021/5/26, 80, 62, 4, 1, 
2021/5/27, 83, 54, 4, , 
2021/5/28, 119, 15, 3, , 
2021/5/29, 25, 7, 5, , 
2021/5/30, 19, 9, 4, , 
2021/5/31, 27, 9, 6, , 
2021/6/1, 37, 10, 13, 3, 
2021/6/2, 40, 32, 5, , 
2021/6/3, 53, 12, 6, , 
2021/6/4, 19, 8, 4, , 
2021/6/5, 10, 6, 2, , 
2021/6/6, 10, 9, 12, 2, 
2021/6/7, 20, 16, 13, 2, 
2021/6/8, 45, 10, 6, 2, 
2021/6/9, 28, 7, 6, , 
2021/6/10, 12, 13, 7, 1, 
2021/6/11, 70, 11, 3, , 
2021/6/12, 29, 4, 2, , 
2021/6/13, 10, 7, 7, 1, 
2021/6/14, 32, 10, 4, , 
2021/6/15, 56, 15, 9, 1, 
2021/6/16, 56, 7, 4, 1, 
2021/6/17, 26, 9, 10, 5, 
2021/6/18, 32, 10, 4, 3, 
2021/6/19, 30, 8, 3, 1, 
2021/6/20, 20, 6, 5, 1, 
2021/6/21, 10, 11, 13, 1, 
2021/6/22, 16, 9, 8, 1, 
2021/6/23, 33, 11, 13, 2, 
2021/6/24, 33, 10, 7, 1, 
2021/6/25, 22, 23, 5, 6, 
2021/6/26, 43, 18, 6, 24, 
2021/6/27, 41, 13, 12, 1, 
2021/6/28, 31, 11, 6, 1, 
2021/6/29, 30, 11, 10, 8, 
2021/6/30, 19, 9, 14, 1, 
2021/1/4, 60, 12, 33, 3, 
2021/1/5, 24, 17, 13, 3, 
2021/1/6, 103, 29, 20, 3, 
2021/1/7, 57, 11, 12, 3, 
2021/1/8, 19, 23, 15, 3, 
2021/1/9, 54, 10, 31, 3, 
2021/1/10, 24, 11, 42, 4, 
2021/1/11, 24, 8, 8, 3, 
2021/1/12, 29, 5, 9, 3, 
2021/1/13, 12, 11, 11, 3, 
2021/1/14, 13, 6, 7, 3, 
2021/1/15, 10, 5, 8, 3, 
2021/1/16, 10, 8, 9, 3, 
2021/1/17, 10, 5, 9, 3, 
2021/1/18, 12, 14, 9, 3, 
2021/1/19, 38, 35, 17, 3, 
2021/1/20, 80, 27, 9, 3, 
2021/1/21, 70, 46, 9, 3, 
2021/1/22, 84, 24, 6, 3, 
2021/1/23, 82, 16, 7, 3, 
2021/1/24, 42, 58, 8, 3, 
2021/1/25, 139, 51, 8, 3, 
2021/1/26, 165, 18, 8, 3, 
2021/1/27, 71, 27, 20, 3, 
2021/1/28, 59, 17, 27, 4, 
2021/1/29, 35, 12, 17, 4, 
2021/1/30, 20, 6, 5, 3, 
2021/1/31, 16, 13, 9, 3, 
2021/2/1, 233, 154, 5, 3, 
2021/2/2, 53, 17, 5, 3, 
2021/2/3, 49, 20, 6, 3, 
2021/2/4, 61, 12, 6, 3, 
2021/2/5, 43, 13, 4, 3, 
2021/2/6, 48, 8, 4, 3, 
2021/2/7, 31, 11, 5, 3, 
2021/2/8, 33, 22, 11, 3, 
2021/2/9, 48, 9, 12, 3, 
2021/2/10, 13, 7, 8, 3, 
2021/2/11, 11, 9, 5, 3, 
2021/2/12, 20, 7, 5, 3, 
2021/2/13, 33, 5, 5, 3, 
2021/2/14, 17, 5, 9, 3, 
2021/2/15, 12, 8, 19, 3, 
2021/2/16, 14, 11, 25, 4, 
2021/2/17, 25, 8, 21, 3, 
2021/2/18, 16, 27, 20, 3, 
2021/2/19, 72, 15, 18, 3, 
2021/2/20, 28, 12, 17, 3, 
2021/2/21, 15, 8, 21, 3, 
2021/2/22, 13, 10, 11, 3, 
2021/2/23, 35, 36, 39, 4, 
2021/2/24, 73, 10, 19, 3, 
2021/2/25, 20, 12, 11, 3, 
2021/2/26, 19, 15, 6, 3, 
2021/2/27, 26, 14, 8, 4, 
2021/2/28, 25, 22, 20, 4, 
2021/3/1, 27, 8, 11, 3, 
2021/3/2, 10, 7, 6, 3, 
2021/3/3, 11, 19, 10, 3, 
2021/3/4, 25, 20, 8, 3, 
2021/3/5, 18, 31, 13, 3, 
2021/3/6, 70, 15, 9, 3, 
2021/3/7, 28, 18, 16, 3, 
2021/3/8, 51, 16, 17, 3, 
2021/3/9, 49, 7, 11, 3, 
2021/3/10, 9, 13, 9, 3, 
2021/3/11, 37, 32, 13, 3, 
2021/3/12, 77, 42, 15, 3, 
2021/3/13, 93, 40, 12, 4, 
2021/3/14, 81, 6, 5, 3, 
2021/3/15, 12, 14, 10, 4, 
2021/3/16, 14, 9, 8, 3, 
2021/3/17, 14, 7, 9, 3, 
2021/3/18, 12, 7, 11, 3, 
2021/3/19, 17, 11, 12, 3, 
2021/3/20, 15, 15, 5, , 
2021/3/21, 16, 13, 13, 10, 
2021/3/22, 29, 14, 14, 19, 
2021/3/23, 19, 15, 19, 4, 
2021/3/24, 27, 13, 13, 1, 
2021/3/25, 25, 17, 10, , 
2021/3/26, 51, 34, 5, , 
2021/3/27, 102, 7, 7, , 
2021/3/28, 9, 19, 9, , 
2021/3/29, 47, 36, 14, , 
2021/3/30, 84, 41, 23, 3, 
2021/3/31, 79, 19, 10, , 
2020/10/1, 10, 8, 13, 2, 
2020/10/2, 9, 10, 18, 2, 
2020/10/3, 8, 7, 14, 2, 
2020/10/4, 9, 13, 19, 3, 
2020/10/5, 9, 6, 20, 2, 
2020/10/6, 8, 6, 17, 2, 
2020/10/7, 7, 7, 15, 2, 
2020/10/8, 7, 9, 10, 2, 
2020/10/9, 9, 14, 18, 3, 
2020/10/10, 13, 10, 13, 2, 
2020/10/11, 20, 10, 15, 2, 
2020/10/12, 19, 4, 12, 2, 
2020/10/13, 6, 5, 10, 2, 
2020/10/14, 11, 9, 11, 2, 
2020/10/15, 14, 20, 16, 2, 
2020/10/16, 15, 14, 17, 3, 
2020/10/17, 10, 9, 10, 2, 
2020/10/18, 17, 20, 16, 2, 
2020/10/19, 10, 25, 19, 3, 
2020/10/20, 11, 9, 15, 2, 
2020/10/21, 6, 4, 12, 2, 
2020/10/22, 3, 17, 12, 2, 
2020/10/23, 15, 9, 11, 2, 
2020/10/24, 7, 13, 10, 2, 
2020/10/25, 13, 8, 15, 2, 
2020/10/26, 6, 26, 10, 2, 
2020/10/27, 14, 50, 10, 2, 
2020/10/28, 33, 39, 12, 2, 
2020/10/29, 26, 6, 11, 2, 
2020/10/30, 8, 8, 11, 2, 
2020/10/31, 14, 6, 11, 2, 
2020/11/1, 7, 8, 15, 2, 
2020/11/2, 9, 16, 14, 2, 
2020/11/3, 22, 17, 14, 2, 
2020/11/4, 33, 23, 10, 2, 
2020/11/5, 44, 15, 13, 3, 
2020/11/6, 29, 11, 9, 3, 
2020/11/7, 22, 10, 13, 3, 
2020/11/8, 21, 5, 9, 2, 
2020/11/9, 6, 8, 17, 2, 
2020/11/10, 15, 5, 20, 2, 
2020/11/11, 10, 4, 10, 2, 
2020/11/12, 5, 6, 17, 2, 
2020/11/13, 8, 7, 20, 2, 
2020/11/14, 7, 3, 12, 2, 
2020/11/15, 3, 83, 12, 2, 
2020/11/16, 12, 28, 16, 2, 
2020/11/17, 64, 67, 27, 4, 
2020/11/18, 120, 16, 23, 3, 
2020/11/19, 52, 6, 12, 2, 
2020/11/23, 23, 9, 36, 4, 
2020/11/24, 20, 5, 22, 3, 
2020/11/25, 15, 15, 11, 3, 
2020/11/26, 28, 15, 13, 3, 
2020/11/27, 29, 13, 12, 3, 
2020/11/28, 18, 6, 13, 3, 
2020/11/29, 14, 7, 17, 3, 
2020/11/30, 12, 13, 11, 2, 
2020/12/1, 36, 14, 10, 2, 
2020/12/2, 41, 24, 7, 3, 
2020/12/3, 110, 33, 11, 3, 
2020/12/4, 115, 32, 16, 3, 
2020/12/5, 71, 6, 7, 3, 
2020/12/6, 15, 4, 8, 3, 
2020/12/7, 9, 5, 16, 3, 
2020/12/8, 9, 9, 17, 3, 
2020/12/9, 21, 3, 12, 3, 
2020/12/10, 12, 5, 9, 2, 
2020/12/11, 29, 4, 9, 3, 
2020/12/12, 166, 6, 8, 3, 
2020/12/16, 137, 36, 22, 3, 
2020/12/17, 520, 14, 10, 3, 
2020/12/18, 37, 23, 23, 4, 
2020/12/19, 70, 15, 10, 3, 
2020/12/20, 43, 39, 21, 3, 
2020/12/21, 89, 35, 24, 3, 
2020/12/22, 66, 12, 30, 4, 
2020/12/23, 19, 5, 8, 3, 
2020/12/24, 9, 12, 5, 3, 
2020/12/25, 38, 8, 17, 3, 
2020/12/26, 17, 9, 5, 3, 
2020/12/27, 15, 10, 9, 3, 
2020/12/28, 27, 12, 24, 3, 
2020/12/29, 22, 10, 35, 3, 
2020/12/30, 20, 18, 22, 4, 
2020/12/31, 237, 69, 15, 4, 
2021/1/1, 601, 4, 7, 3, 
2021/1/2, 282, 4, 5, 3, 
2021/1/3, 184, 13, 13, 4, 
2020/8/3, 11, 7, 3, 1, 
2020/8/4, 14, 6, 2, 1, 
2020/8/5, 9, 7, 2, 1, 
2020/8/6, 10, 8, 5, 1, 
2020/8/7, 12, 7, 2, 2, 
2020/8/8, 9, 3, , 2, 
2020/8/9, 4, 5, 1, 2, 
2020/8/10, 4, 5, 2, 2, 
2020/8/11, 6, 10, 6, 2, 
2020/8/12, 13, 8, 6, 2, 
2020/8/13, 12, 12, 5, 2, 
2020/8/14, 19, 5, 2, 2, 
2020/8/15, 5, 7, 1, 2, 
2020/8/16, 11, 11, 4, 2, 
2020/8/17, 15, 14, 6, 2, 
2020/8/18, 29, 9, 8, 2, 
2020/8/19, 16, 9, 5, 1, 
2020/8/20, 11, 10, 7, 2, 
2020/8/21, 11, 9, 5, 1, 
2020/8/22, 11, 9, 7, 2, 
2020/8/23, 11, 10, 10, 2, 
2020/8/24, 12, 9, 7, 2, 
2020/8/25, 15, 8, 9, 2, 
2020/8/26, 7, 8, 7, 2, 
2020/8/27, 9, 8, 9, 2, 
2020/8/28, 12, 7, 4, 2, 
2020/8/29, 14, 3, , 1, 
2020/8/30, 5, , 1, 2, 
2020/8/31, 11, 7, 12, 1, 
2020/9/1, 11, 4, 10, 1, 
2020/9/2, 6, 6, 10, 1, 
2020/9/3, 8, 10, 7, 1, 
2020/9/4, 13, 7, 13, 2, 
2020/9/5, 7, 3, 9, 1, 
2020/9/6, 3, 8, 12, 1, 
2020/9/7, 11, 5, 11, 1, 
2020/9/8, 4, 8, 16, 2, 
2020/9/9, 11, 6, 11, 1, 
2020/9/10, 8, 6, 11, 1, 
2020/9/11, 5, 5, 11, 1, 
2020/9/12, 4, 4, 9, 1, 
2020/9/13, 2, 5, 12, 2, 
2020/9/14, 5, 7, 16, 2, 
2020/9/15, 9, 7, 11, 2, 
2020/9/16, 15, 12, 13, 2, 
2020/9/17, 25, 14, 13, 2, 
2020/9/18, 29, 19, 9, 2, 
2020/9/19, 44, 10, 8, 2, 
2020/9/20, 20, 12, 14, 2, 
2020/9/21, 21, 8, 12, 2, 
2020/9/22, 9, 17, 12, 1, 
2020/9/23, 6, 8, 10, 2, 
2020/9/24, 8, 9, 12, 2, 
2020/9/25, 13, 5, 9, 2, 
2020/9/26, 8, 7, 13, 2, 
2020/9/27, 12, 9, 15, 2, 
2020/9/28, 8, 7, 16, 2, 
2020/9/29, 8, 9, 19, 2, 
2020/9/30, 8, 7, 15, 2, 
2020/4/1, 75, 14, 4, , 
2020/4/2, 40, 28, 4, , 
2020/4/3, 83, 50, , 1, 
2020/1/1, 76, 7, 9, 2, 
2020/1/2, 13, 8, 18, 2, 
2020/1/3, 18, 8, 4, 1, 
2020/1/4, 29, 12, 7, 2, 
2020/1/5, 15, 12, 14, 2, 
2020/1/6, 23, 10, 4, 1, 
2020/1/7, 14, 18, 10, 1, 
2020/1/8, 32, 12, 8, 2, 
2020/1/9, 20, 8, 4, 1, 
2020/1/10, 8, 13, 11, 2, 
2020/1/11, 19, 3, 1, 1, 
2020/1/12, 7, 7, 7, 1, 
2020/1/13, 12, 10, 3, 1, 
2020/1/14, 10, 13, 40, 3, 
2020/1/15, 24, 9, 15, 2, 
2020/1/16, 12, 12, 38, 2, 
2020/1/17, 24, 8, 27, 2, 
2020/1/18, 10, 19, 3, 2, 
2020/1/19, 36, 15, 6, 2, 
2020/1/20, 15, 9, 17, 1, 
2020/1/21, 7, 8, 8, 2, 
2020/1/22, 15, 54, 4, 1, 
2020/1/23, 19, 13, 13, 1, 
2020/1/24, 16, 8, 8, 1, 
2020/1/25, 11, 5, 3, 2, 
2020/1/26, 8, 3, 5, 2, 
2020/1/27, 6, 5, 20, 2, 
2020/1/28, 14, 7, 35, 5, 
2020/1/29, 17, 7, 32, 1, 
2020/1/30, 17, 8, 39, 1, 
2020/1/31, 18, 5, 26, , 
2020/2/1, 13, 3, 14, , 
2020/2/2, 9, 7, 28, 1, 
2020/2/3, 17, 44, 11, , 
2020/2/4, 12, 3, 40, 4, 
2020/2/5, 8, 14, 4, 3, 
2020/2/6, 27, 9, 2, 2, 
2020/2/7, 19, 9, 5, 2, 
2020/2/8, 12, 8, 24, 2, 
2020/2/9, 18, 5, 3, 1, 
2020/2/10, 11, 19, 15, 1, 
2020/2/11, 33, 29, 19, 1, 
2020/2/12, 53, 10, 2, , 
2020/2/13, 49, 2, 1, , 
2020/2/14, 17, , , , 
2020/2/16, 7, 16, 9, , 
2020/2/17, 36, 31, 22, , 
2020/2/18, 48, 4, 7, , 
2020/2/19, 8, 7, 11, , 
2020/2/20, 16, 42, 16, , 
2020/2/21, 88, 43, 21, , 
2020/2/22, 65, 10, 7, , 
2020/2/23, 23, 8, 20, , 
2020/2/24, 10, 9, 19, , 
2020/2/25, 19, 8, 3, , 
2020/2/26, 32, 8, 2, , 
2020/2/27, 59, 3, 2, , 
2020/2/28, 7, 81, 24, , 
2020/2/29, 130, 13, 1, , 
2020/3/1, 204, 9, 2, , 
2020/3/5, 11, 6, 12, 1, 
2020/3/6, 16, 14, 3, , 
2020/3/7, 16, 36, 11, , 
2020/3/8, 26, 13, 2, , 
2020/3/9, 16, 12, 2, , 
2020/3/10, 18, 11, 7, , 
2020/3/11, 15, 21, 12, , 
2020/3/12, 29, 4, 10, , 
2020/3/13, 16, 7, 10, , 
2020/3/14, 10, 18, 6, , 
2020/3/15, 20, 7, 10, , 
2020/3/16, 16, 6, 7, 1, 
2020/3/17, 17, 4, 4, , 
2020/3/18, 9, 12, 8, , 
2020/3/19, 20, 4, 2, , 
2020/3/20, 14, 5, 5, , 
2020/3/26, 11, 14, 5, , 
2020/3/27, 12, 24, 8, 1, 
2019/10/1, 21, 5, , , 
2019/10/2, 11, 4, , , 
2019/10/3, 7, 25, , , 
2019/10/4, 15, 5, , , 
2019/10/5, 9, 13, , , 
2019/10/6, 29, 5, , , 
2019/10/7, 5, 13, , 2, 
2019/10/8, 10, 8, , 1, 
2019/10/9, 9, 49, 7, , 
2019/10/10, 9, 6, 11, 1, 
2019/10/11, 7, 3, 3, 1, 
2019/10/12, 5, 5, 3, , 
2019/10/13, 11, 4, 2, 1, 
2019/10/14, 6, 6, 2, , 
2019/10/15, 6, 11, 16, 3, 
2019/10/16, 10, 26, 25, 2, 
2019/10/17, 24, 24, 25, 2, 
2019/10/18, 19, 8, 18, 2, 
2019/10/19, 12, 81, 6, 2, 
2019/10/20, 9, 11, 11, 1, 
2019/10/21, 10, 9, 8, 1, 
2019/10/22, 10, 9, 6, 1, 
2019/10/23, 10, 18, 5, 1, 
2019/10/24, 18, 13, 7, 2, 
2019/10/25, 13, 29, 21, 1, 
2019/10/26, 16, 18, 34, 2, 
2019/10/27, 18, 13, 37, 2, 
2019/10/28, 14, 9, 16, 2, 
2019/10/29, 17, 7, 15, 1, 
2019/10/30, 9, 10, 22, 2, 
2019/10/31, 7, 15, 17, 2, 
2019/11/1, 15, 20, 12, 1, 
2019/11/2, 14, 23, 8, 2, 
2019/11/3, 17, 14, 19, 2, 
2019/11/4, 19, 6, 16, 1, 
2019/11/5, 8, 5, 11, 1, 
2019/11/6, 6, 6, 10, 1, 
2019/11/7, 10, 6, 3, 1, 
2019/11/8, 10, 5, 6, 1, 
2019/11/9, 7, 7, 2, 1, 
2019/11/10, 10, 7, 12, 1, 
2019/11/11, 10, 5, 9, 1, 
2019/11/12, 8, 39, 33, 3, 
2019/11/13, 25, 22, 32, 2, 
2019/11/14, 18, 14, 19, 2, 
2019/11/15, 24, 11, 14, 1, 
2019/11/16, 22, 7, 16, 2, 
2019/11/17, 13, 3, 2, 1, 
2019/11/18, 7, 4, 4, 1, 
2019/11/19, 4, 7, 6, 1, 
2019/11/20, 11, 4, 4, 1, 
2019/11/21, 6, 9, 16, 1, 
2019/11/22, 12, 23, 21, 2, 
2019/11/23, 20, 33, 42, 3, 
2019/11/24, 16, 18, 54, 5, 
2019/11/25, 19, 16, 51, 4, 
2019/11/26, 16, 16, 47, 4, 
2019/11/27, 16, 16, 44, 3, 
2019/11/28, 20, 12, 35, 2, 
2019/11/29, 22, 10, 25, 2, 
2019/11/30, 12, 5, 13, 1, 
2019/12/1, 6, 4, 4, 1, 
2019/12/2, 5, 16, 12, 1, 
2019/12/3, 30, 11, 19, 2, 
2019/12/4, 19, 19, 58, 5, 
2019/12/5, 18, 14, 38, 2, 
2019/12/6, 17, 6, 3, 1, 
2019/12/7, 8, 10, 18, 2, 
2019/12/8, 13, 4, 11, 1, 
2019/12/9, 11, 6, 7, 1, 
2019/12/10, 15, 8, 7, 1, 
2019/12/11, 19, 7, 19, 2, 
2019/12/12, 11, 7, 17, 2, 
2019/12/13, 11, 27, 49, 3, 
2019/12/14, 12, 6, 25, 2, 
2019/12/15, 11, 6, 19, 1, 
2019/12/16, 7, 6, 15, 2, 
2019/12/17, 9, 8, 16, 1, 
2019/12/18, 8, 7, 29, 2, 
2019/12/19, 8, 8, 12, 1, 
2019/12/20, 9, 6, 7, 1, 
2019/12/25, 10, 3, 5, 2, 
2019/12/26, 14, 10, 17, 2, 
2019/12/27, 12, 8, 12, 1, 
2019/12/28, 9, 4, 5, 1, 
2019/12/29, 7, , , , 
2019/7/1, 8, 9, 1, 2, 
2019/7/2, 8, 6, 1, 1, 
2019/7/3, 9, 4, , 1, 
2019/7/4, 12, 6, , 1, 
2019/7/5, 7, 6, 1, 1, 
2019/7/6, 9, 6, 2, 3, 
2019/7/7, 10, 10, , 1, 
2019/7/8, 15, 7, , 1, 
2019/7/9, 13, 32, 1, 1, 
2019/7/10, 39, 15, 1, 1, 
2019/7/11, 23, 10, 1, 2, 
2019/7/12, 19, 5, 1, 1, 
2019/7/13, 15, 2, , 1, 
2019/7/14, 5, 4, , 1, 
2019/7/15, 8, 117, , 1, 
2019/7/16, 8, 7, 1, 3, 
2019/7/17, 13, 7, , 1, 
2019/7/18, 10, 8, , 1, 
2019/7/19, 11, 4, , 1, 
2019/7/20, 6, 4, , 1, 
2019/7/21, 10, 7, 1, 2, 
2019/7/22, 7, 8, 1, 1, 
2019/7/23, 12, 6, 1, 1, 
2019/7/24, 9, 7, 1, 1, 
2019/7/25, 9, 7, 1, 2, 
2019/7/26, 10, 5, , 1, 
2019/7/27, 10, 2, 1, , 
2019/7/28, 6, 10, 1, 2, 
2019/7/29, 4, 17, 1, 1, 
2019/7/30, 14, 27, 2, 2, 
2019/7/31, 35, 31, 1, 2, 
2019/8/1, 52, 13, 1, 1, 
2019/8/2, 28, 11, 1, 1, 
2019/8/3, 33, 9, , 2, 
2019/8/4, 29, 8, 1, 1, 
2019/8/5, 23, 6, 1, 2, 
2019/8/6, 15, 6, 1, 1, 
2019/8/7, 11, 7, 2, 1, 
2019/8/8, 11, 6, 2, 1, 
2019/8/9, 6, 10, 3, 1, 
2019/8/10, 8, 7, 1, 2, 
2019/8/11, 7, 8, 1, 1, 
2019/8/12, 26, 3, 3, 1, 
2019/8/13, 38, 3, 3, 1, 
2019/8/14, 97, 5, 4, 1, 
2019/8/15, 6, 13, 5, 1, 
2019/8/16, 13, 4, 2, , 
2019/8/17, 7, 8, 3, 1, 
2019/8/18, 12, 6, 4, 1, 
2019/8/19, 11, 39, 2, 1, 
2019/8/20, 47, 23, 3, 1, 
2019/8/21, 26, 11, 5, 3, 
2019/8/22, 13, 4, 4, 1, 
2019/8/23, 9, 5, 3, , 
2019/8/24, 11, 3, 1, , 
2019/8/25, 7, 3, 3, 1, 
2019/8/26, 12, 3, 1, 1, 
2019/8/27, 11, 1, 2, 1, 
2019/8/28, 7, 2, , , 
2019/8/29, 5, 4, , , 
2019/8/30, 5, 8, , , 
2019/8/31, 5, 2, , , 
2019/9/1, 7, 4, , , 
2019/9/2, 6, 5, , 1, 
2019/9/3, 7, 5, , , 
2019/9/4, 9, 3, , , 
2019/9/5, 11, 5, , , 
2019/9/6, 8, 3, , , 
2019/9/7, 4, 5, , , 
2019/9/8, 12, 5, , , 
2019/9/9, 9, 2, , , 
2019/9/10, 7, 4, , , 
2019/9/11, 9, 5, , , 
2019/9/12, 11, 10, , , 
2019/9/13, 22, 4, , , 
2019/9/14, 10, 6, , , 
2019/9/15, 17, 7, , , 
2019/9/16, 17, 3, , , 
2019/9/17, 9, 2, , , 
2019/9/18, 5, 5, , , 
2019/9/19, 6, 7, , , 
2019/9/20, 14, 15, , , 
2019/9/23, 13, 8, , , 
2019/9/24, 15, 5, , , 
2019/9/25, 6, 8, , , 
2019/9/26, 6, 11, , , 
2019/9/27, 10, 7, , , 
2019/9/28, 7, 9, , 1, 
2019/9/29, 8, 14, , 2, 
2019/9/30, 21, 12, , 1, 
2019/4/1, 16, 11, 8, , 
2019/4/2, 21, 17, 6, , 
2019/4/3, 28, 5, 6, , 
2019/4/4, 14, 28, 8, , 
2019/4/5, 26, 37, 4, , 
2019/4/6, 35, 34, 2, , 
2019/4/7, 41, 30, 5, , 
2019/4/8, 28, 30, 5, , 
2019/4/9, 25, 49, 5, , 
2019/4/10, 53, 172, 5, , 
2019/4/11, 28, 51, 3, , 
2019/4/12, 45, 10, 1, , 
2019/4/13, 22, 29, 1, , 
2019/4/14, 48, 9, 8, , 
2019/4/15, 24, 9, 3, , 
2019/4/16, 16, 5, 9, , 
2019/4/17, 13, 6, 2, , 
2019/4/18, 6, 8, 1, , 
2019/4/19, 16, 15, 1, , 
2019/4/20, 30, 27, 2, , 
2019/4/21, 49, 21, 5, , 
2019/4/22, 20, 6, 5, , 
2019/4/23, 10, 8, 12, , 
2019/4/24, 20, 54, 4, , 
2019/4/25, 80, 17, 7, , 
2019/4/26, 26, 35, 3, , 
2019/4/27, 26, 25, 1, , 
2019/4/28, 15, 26, 1, , 
2019/4/29, 31, 23, 2, , 
2019/4/30, 17, 13, 2, 1, 
2019/5/1, 15, 3, 2, 1, 
2019/5/2, 8, , , , 
2019/5/4, 19, 17, 3, , 
2019/5/5, 18, 22, 2, , 
2019/5/6, 21, 20, 2, , 
2019/5/7, 16, 13, 1, , 
2019/5/8, 14, 14, 2, , 
2019/5/9, 11, 14, 6, , 
2019/5/10, 14, 9, 5, , 
2019/5/11, 11, 191, 3, , 
2019/5/12, 15, 8, 5, , 
2019/5/13, 11, 36, 3, , 
2019/5/14, 47, 13, 5, , 
2019/5/15, 23, 4, 4, , 
2019/5/16, 12, 5, 8, , 
2019/5/17, 16, 5, 7, , 
2019/5/18, 13, 10, 6, 2, 
2019/5/19, 32, 5, 6, 1, 
2019/5/20, 11, 10, 7, 1, 
2019/5/21, 10, 12, 6, 2, 
2019/5/22, 12, 12, 6, 1, 
2019/5/23, 16, 14, 6, 2, 
2019/5/24, 27, 10, 4, 1, 
2019/5/25, 17, 9, 3, , 
2019/5/26, 12, 13, 4, 1, 
2019/5/27, 13, 12, 4, , 
2019/5/28, 13, 21, 5, 1, 
2019/5/29, 19, 8, 4, 1, 
2019/5/30, 9, 15, 8, 2, 
2019/5/31, 14, 21, 3, 1, 
2019/6/1, 23, 13, 1, , 
2019/6/2, 14, 28, 5, , 
2019/6/3, 23, 17, 5, , 
2019/6/4, 13, 20, 6, 1, 
2019/6/5, 19, 20, 8, 2, 
2019/6/6, 18, 14, 7, 1, 
2019/6/7, 14, 17, 3, , 
2019/6/8, 16, 11, 4, , 
2019/6/9, 12, 14, 2, 1, 
2019/6/10, 18, 18, 5, 1, 
2019/6/11, 26, 18, 6, , 
2019/6/12, 22, 14, 3, , 
2019/6/13, 18, 42, 4, 1, 
2019/6/14, 32, 26, 5, 2, 
2019/6/15, 23, 17, 3, 1, 
2019/6/16, 27, 13, 1, 1, 
2019/6/17, 32, 30, 2, 1, 
2019/6/19, 5, 8, 3, 1, 
2019/6/20, 7, 13, 1, 1, 
2019/6/21, 14, 9, 1, 2, 
2019/6/22, 13, 7, 2, 1, 
2019/6/23, 12, 9, 1, 1, 
2019/6/24, 10, 51, , 1, 
2019/6/25, 26, 9, , , 
2019/6/26, 27, 3, , , 
2019/6/27, 8, 6, , , 
2019/6/28, 8, 4, , 1, 
2019/6/29, 12, 7, , 1, 
2019/6/30, 11, 8, , 1, 
2019/3/11, 47, 36, , 6, 
2019/3/12, 95, 28, , 6, 
2019/3/13, 33, 38, , 4, 
2019/3/14, 42, 31, , 2, 
2019/3/15, 38, 22, , 1, 
2019/3/16, 35, 19, , 1, 
2019/3/17, 33, 3, , 1, 
2019/3/18, 27, , , 1, 
2019/3/19, 46, 1, , 5, 
2019/3/20, 60, 1, , 10, 
2019/3/21, 44, 1, , 2, 
2019/3/22, 20, 4, 6, 1, 
2019/3/23, 14, 14, 2, , 
2019/3/24, 21, 6, 7, 1, 
2019/3/25, 12, 37, 3, , 
2019/3/26, 36, 14, 1, , 
2019/3/27, 29, 8, 3, , 
2019/3/28, 17, 7, 2, , 
2019/3/29, 13, 5, 6, , 
2019/3/30, 15, 7, 4, , 
2019/3/31, 17, 5, 11, , 
2018/10/1, 12, 22, 17, , 
2018/10/2, 16, 13, 11, , 
2018/10/3, 13, 11, 10, , 
2018/10/4, 13, 16, 11, , 
2018/10/5, 12, 11, 7, , 
2018/10/6, 12, 12, 11, , 
2018/10/7, 16, 7, 8, , 
2018/10/8, 10, 9, 7, , 
2018/10/9, 10, 10, 11, , 
2018/10/10, 11, 9, 2, , 
2018/10/11, 16, 17, 8, , 
2018/10/12, 18, 22, 12, , 
2018/10/13, 15, 11, 9, , 
2018/10/14, 10, 15, 10, , 
2018/10/15, 10, 8, 11, , 
2018/10/16, 10, 15, 17, , 
2018/10/17, 11, 13, 4, , 
2018/10/18, 12, 18, 9, , 
2018/10/19, 16, 19, 3, 1, 
2018/10/20, 16, 21, 5, , 
2018/10/21, 20, 16, 14, 1, 
2018/10/22, 38, 17, 8, , 
2018/10/23, 34, 14, 10, , 
2018/10/24, 15, 22, 9, , 
2018/10/25, 13, 20, 11, 1, 
2018/10/26, 24, 24, 6, , 
2018/10/27, 25, 12, 11, , 
2018/10/28, 20, 11, 20, , 
2018/10/29, 11, 20, 21, , 
2018/10/30, 11, 29, 31, , 
2018/10/31, 19, 15, 38, 1, 
2018/11/1, 17, 11, 12, , 
2018/11/2, 14, 27, 6, , 
2018/11/3, 18, 14, 15, 1, 
2018/11/4, 13, 8, 18, , 
2018/11/5, 10, 7, 3, , 
2018/11/6, 10, 13, 14, , 
2018/11/7, 14, 13, 10, , 
2018/11/8, 20, 11, , , 
2018/11/9, 10, 15, , , 
2018/11/10, 18, 29, , 1, 
2018/11/11, 29, 21, , 1, 
2018/7/1, 6, 12, 3, 2, 
2018/7/2, 9, 18, 9, 2, 
2018/7/3, 20, 14, 7, 4, 
2018/7/4, 15, 25, 5, 2, 
2018/7/5, 12, 32, 5, 3, 
2018/7/6, 11, 28, 4, 2, 
2018/7/7, 9, 32, 1, 2, 
2018/7/8, 10, 16, 5, 2, 
2018/7/9, 23, 15, 4, 2, 
2018/7/10, 22, 12, 5, 2, 
2018/7/11, 9, 14, 11, 2, 
2018/7/12, 10, 7, 7, 2, 
2018/7/13, 7, 11, 6, 2, 
2018/7/14, 15, 9, 2, 2, 
2018/7/15, 13, 11, 3, 2, 
2018/7/16, 8, 10, 6, 3, 
2018/7/17, 22, 13, 5, 2, 
2018/7/18, 21, 12, 5, 3, 
2018/7/19, 20, 10, 5, 2, 
2018/7/20, 18, 9, 4, 2, 
2018/7/21, 9, 10, 3, 2, 
2018/7/22, 9, 9, 4, 3, 
2018/7/23, 11, 10, 5, 2, 
2018/7/24, 9, 9, 3, 2, 
2018/7/25, 11, 11, 5, 2, 
2018/7/26, 10, 11, 2, 2, 
2018/7/27, 28, 20, 4, 3, 
2018/7/28, 39, 20, 4, 3, 
2018/7/29, 61, 25, 1, 2, 
2018/7/30, 20, 13, 3, 2, 
2018/7/31, 30, 18, 2, 4, 
2018/8/1, 32, 13, 3, 2, 
2018/8/2, 17, 11, 3, 2, 
2018/8/3, 13, 13, 2, 3, 
2018/8/4, 18, 9, 1, 2, 
2018/8/5, 10, 14, 1, 2, 
2018/8/6, 7, 22, 1, 2, 
2018/8/7, 10, 16, 1, 2, 
2018/8/8, 21, 16, 2, 3, 
2018/8/9, 39, 8, 2, 2, 
2018/8/10, 23, 12, 1, 2, 
2018/8/11, 19, 9, 1, 2, 
2018/8/12, 17, 19, 2, 2, 
2018/8/13, 31, 12, 3, 2, 
2018/8/14, 17, 10, 1, 3, 
2018/8/15, 10, 12, 2, 3, 
2018/8/16, 14, 11, 2, 2, 
2018/8/17, 19, 10, 2, 2, 
2018/8/18, 24, 11, 4, 3, 
2018/8/21, 54, 41, 1, 2, 
2018/8/22, 61, 25, 1, 3, 
2018/8/23, 41, 60, 1, 3, 
2018/8/24, 30, 12, 3, 3, 
2018/8/25, 31, 10, 1, 3, 
2018/8/26, 35, 10, 1, 2, 
2018/8/27, 25, 8, 2, 3, 
2018/8/28, 41, 10, 3, 3, 
2018/8/29, 35, 10, 3, 2, 
2018/8/30, 49, 19, 2, 2, 
2018/8/31, 30, 22, 1, 2, 
2018/9/1, 35, 14, 4, 3, 
2018/9/2, 16, 10, 4, 21, 
2018/9/3, 12, 15, 7, 15, 
2018/9/4, 11, 11, 12, 1, 
2018/9/5, 15, 14, 3, , 
2018/9/6, 18, 27, 2, , 
2018/9/7, 30, 16, 3, , 
2018/9/8, 25, 9, 3, , 
2018/9/9, 12, 11, 8, , 
2018/9/10, 11, 12, 9, , 
2018/9/11, 11, 10, 5, , 
2018/9/12, 11, 11, 9, , 
2018/9/13, 15, 10, 10, 1, 
2018/9/14, 12, 7, 4, , 
2018/9/15, 11, 8, 3, , 
2018/9/16, 12, 12, 13, , 
2018/9/17, 16, 9, 9, , 
2018/9/18, 12, 13, 7, , 
2018/9/19, 13, 18, 5, , 
2018/9/20, 12, 11, 7, , 
2018/9/21, 14, 11, 14, 1, 
2018/9/22, 16, 10, 11, , 
2018/9/23, 14, 18, 6, , 
2018/9/24, 21, 14, 7, 1, 
2018/9/25, 14, 13, 14, , 
2018/9/26, 10, 13, 16, , 
2018/9/27, 10, 14, 6, , 
2018/9/28, 14, 13, 4, , 
2018/9/29, 12, 23, 11, , 
2018/9/30, 16, 8, 6, , 
2018/5/12, 31, 13, 4, 2, 
2018/5/13, 51, 40, 4, 2, 
2018/5/14, 30, 27, 11, 2, 
2018/5/15, 14, 21, 11, 2, 
2018/5/16, 22, 14, 10, 2, 
2018/5/17, 21, 15, 4, 2, 
2018/5/18, 12, 18, 7, 3, 
2018/5/19, 13, 9, 1, 2, 
2018/5/20, 19, 15, 2, 2, 
2018/5/21, 9, 11, 3, 2, 
2018/5/22, 14, 9, 3, 2, 
2018/5/23, 29, 29, 8, 2, 
2018/5/24, 26, 56, 14, 2, 
2018/5/25, 28, 13, 6, 2, 
2018/5/26, 15, 9, 9, 2, 
2018/5/27, 18, 15, 10, 2, 
2018/5/28, 9, 12, 8, 3, 
2018/5/29, 24, 28, 2, 2, 
2018/5/30, 17, 15, 9, 2, 
2018/5/31, 10, 9, 8, 2, 
2018/6/1, 19, 15, 8, 2, 
2018/6/2, 24, 17, 10, 3, 
2018/6/3, 16, 14, 5, 2, 
2018/6/4, 15, 12, 9, 3, 
2018/6/5, 35, 14, 7, 3, 
2018/6/6, 8, 9, 6, 2, 
2018/6/7, 20, 17, 12, 2, 
2018/6/8, 13, 11, 9, 2, 
2018/6/9, 8, 5, 4, 2, 
2018/6/10, 10, 6, 4, 2, 
2018/6/11, 14, 12, 12, 2, 
2018/6/12, 12, 10, 6, 2, 
2018/6/13, 13, 10, 8, 2, 
2018/6/14, 10, 10, 9, 2, 
2018/6/15, 6, 11, 5, 2, 
2018/6/16, 13, 7, 5, 2, 
2018/6/17, 15, 13, 5, 2, 
2018/6/18, 9, 11, 5, 2, 
2018/6/19, 10, 8, 7, 2, 
2018/6/20, 7, 12, 8, 2, 
2018/6/21, 14, 10, 6, 2, 
2018/6/22, 13, 13, 9, 2, 
2018/6/23, 9, 8, 5, 2, 
2018/6/24, 9, 7, 2, 2, 
2018/6/25, 16, 17, 7, 3, 
2018/6/26, 15, 14, 6, 3, 
2018/6/27, 9, 12, 12, 3, 
2018/6/28, 14, 8, 4, 2, 
2018/6/29, 12, 12, 13, 2, 
2018/6/30, 12, 8, 6, 2, 
2016/10/1, 26, 16, 1, , 
2016/10/2, 43, 22, 2, , 
2016/10/3, 42, , , , 
2016/10/13, 30, 19, 10, , 
2016/10/14, 35, 12, 13, , 
2016/10/15, 29, 10, 10, , 
2016/10/16, 29, 11, 13, , 
2016/10/17, 28, 11, 16, , 
2016/10/18, 33, 9, 2, , 
2016/10/19, 23, 35, 5, , 
2016/10/20, 60, 9, 7, , 
2016/10/21, 22, 10, 7, , 
2016/10/22, 24, 12, 7, , 
2016/10/23, 23, 13, 17, , 
2016/10/24, 28, 8, 4, , 
2016/10/25, 23, 12, 12, , 
2016/10/26, 26, 15, 15, 1, 
2016/10/27, 30, 17, 15, 1, 
2016/10/28, 33, 9, 3, , 
2016/10/29, 21, 11, 2, , 
2016/10/30, 21, 23, 23, , 
2016/10/31, 48, 37, 20, , 
2016/11/1, 52, 8, 7, , 
2016/11/2, 18, 11, 25, 1, 
2016/11/3, 27, 21, 25, 1, 
2016/11/4, 36, 14, 14, , 
2016/11/5, 24, 6, 3, , 
2016/11/6, 18, 6, 5, , 
2016/11/7, 17, 12, 11, , 
2016/11/8, 28, 7, 15, , 
2016/11/9, 20, 25, 16, , 
2016/11/10, 47, 7, 7, , 
2016/11/11, 25, 26, 7, , 
2016/11/12, 55, 21, 3, , 
2016/11/13, 35, 16, 13, , 
2016/11/14, 26, 16, 8, , 
2016/11/15, 29, 11, 14, , 
2016/11/16, 24, 11, 6, , 
2016/7/1, 35, , , , 
2016/7/9, 26, 52, 1, 1, 
2016/7/10, 28, 50, 2, 1, 
2016/7/11, 37, 26, 2, 2, 
2016/7/12, 80, 22, , 1, 
2016/7/13, 84, 22, , 1, 
2016/7/14, 125, 11, , 1, 
2016/7/15, 90, 12, , 2, 
2016/7/16, 124, 12, , 1, 
2016/7/17, 29, 13, , 2, 
2016/7/18, 46, 22, , 2, 
2016/7/19, 48, 23, , 2, 
2016/7/20, 55, 16, , 1, 
2016/7/21, 42, 22, , 1, 
2016/7/22, 25, 36, , 1, 
2016/7/23, 31, 37, , 1, 
2016/7/24, 35, 16, , 1, 
2016/7/25, 38, 12, , 1, 
2016/7/26, 43, 12, , 1, 
2016/7/27, 161, 13, , 1, 
2016/7/28, 198, 12, , 1, 
2016/7/29, 188, 10, , 1, 
2016/7/30, 39, 10, , 1, 
2016/7/31, 26, 12, , 2, 
2016/8/1, 34, 14, , 1, 
2016/8/2, 41, 12, , 1, 
2016/8/3, 50, 9, , 1, 
2016/8/4, 34, 11, , 2, 
2016/8/5, 34, 11, , 1, 
2016/8/6, 35, 12, , 1, 
2016/8/7, 37, 18, , 1, 
2016/8/8, 35, 14, , 1, 
2016/8/9, 37, 54, , 1, 
2016/8/10, 34, 233, , 1, 
2016/8/11, 21, 11, , 1, 
2016/8/12, 30, 13, , 1, 
2016/8/13, 32, 9, , 1, 
2016/8/14, 24, 9, , 1, 
2016/8/15, 17, 13, , 1, 
2016/8/16, 22, 12, , 1, 
2016/8/17, 31, 9, 336, 1, 
2016/8/18, 44, 13, , 2, 
2016/8/19, 36, 13, , 1, 
2016/8/20, 28, 12, , 1, 
2016/8/21, 30, 14, , 2, 
2016/8/22, 38, 14, , 1, 
2016/8/23, 57, 19, , 2, 
2016/8/24, 45, 20, , 2, 
2016/8/25, 52, 23, , 8, 
2016/8/26, 50, , , , 
2016/8/30, 25, 11, 7, , 
2016/8/31, 35, 11, 8, , 
2016/9/1, 30, 10, 6, , 
2016/9/2, 26, 12, 7, , 
2016/9/3, 37, 9, 3, , 
2016/9/4, 29, 14, 9, , 
2016/9/5, 38, 11, 8, , 
2016/9/6, 46, 8, 7, , 
2016/9/7, 22, 10, 9, , 
2016/9/8, 27, 9, 5, , 
2016/9/9, 20, 8, 6, , 
2016/9/10, 27, 7, 6, , 
2016/9/11, 21, 10, 5, , 
2016/9/12, 36, 11, 10, , 
2016/9/13, 28, 9, 5, , 
2016/9/14, 26, 6, 6, , 
2016/9/15, 27, 9, 8, , 
2016/9/16, 21, 10, 5, , 
2016/9/17, 24, 18, 4, , 
2016/9/18, 32, 12, 9, , 
2016/9/19, 29, 8, 9, , 
2016/9/20, 29, 8, 7, , 
2016/9/21, 27, 9, 7, , 
2016/9/22, 24, 7, 8, , 
2016/9/23, 33, 7, 6, , 
2016/9/24, 27, 9, 5, , 
2016/9/25, 23, 10, 14, , 
2016/9/26, 34, 11, 17, 1, 
2016/9/27, 34, 17, 16, 1, 
2016/9/28, 34, 16, 17, 1, 
2016/9/29, 38, 13, 18, 1, 
2016/9/30, 37, 7, 9, , 
2016/4/1, 27, 13, 2, , 
2016/4/2, 31, 12, 1, 1, 
2016/4/3, 37, 45, 6, 1, 
2016/4/4, 108, 44, 1, 1, 
2016/4/5, 126, 25, 3, 1, 
2016/4/6, 59, 42, 3, 1, 
2016/4/7, 92, 15, 1, , 
2016/4/8, 57, 18, 3, 1, 
2016/4/9, 62, 30, 5, 1, 
2016/4/10, 83, 38, 5, 1, 
2016/4/11, 98, 38, 6, 1, 
2016/4/12, 91, 48, 9, 1, 
2016/4/13, 97, 14, 3, 1, 
2016/4/14, 64, 36, 6, 1, 
2016/4/15, 89, 11, 3, 1, 
2016/4/16, 26, 63, 1, 1, 
2016/4/17, 179, 18, 3, 1, 
2016/4/18, 81, 11, 3, 1, 
2016/4/19, 35, 17, 4, 1, 
2016/4/20, 36, 17, 2, 1, 
2016/4/21, 58, 21, 4, 1, 
2016/4/22, 61, 15, 3, 1, 
2016/4/23, 25, 21, 2, 1, 
2016/4/24, 36, 22, 4, 1, 
2016/4/25, 66, 28, 4, 1, 
2016/4/26, 66, 27, 3, 1, 
2016/4/27, 119, 35, 2, 1, 
2016/4/28, 156, 17, 2, 1, 
2016/4/29, 62, 16, 4, 1, 
2016/4/30, 46, 8, 3, 1, 
2016/5/1, 26, 12, 3, 1, 
2016/5/2, 52, 26, 2, 1, 
2016/5/3, 82, 22, 3, 1, 
2016/5/4, 101, 23, 1, 1, 
2016/5/5, 92, 13, 3, 1, 
2016/5/6, 48, 12, 3, 1, 
2016/5/7, 40, 13, 2, 1, 
2016/5/8, 37, 17, 5, 1, 
2016/5/9, 50, 17, 5, 1, 
2016/5/10, 50, 24, 4, 1, 
2016/5/11, 37, 19, 4, 1, 
2016/5/12, 42, 22, 5, 1, 
2016/5/13, 45, 10, 2, 1, 
2016/5/14, 28, 10, 2, 1, 
2016/5/15, 27, 19, 1, 1, 
2016/5/16, 51, 21, 3, 1, 
2016/5/17, 66, 20, 4, 1, 
2016/5/18, 48, 15, 3, 1, 
2016/5/19, 46, 18, 4, 1, 
2016/5/20, 54, 15, 1, 1, 
2016/5/21, 59, 9, 2, 1, 
2016/5/22, 38, 12, 4, 1, 
2016/5/23, 30, 25, 1, 1, 
2016/5/24, 84, 16, 4, 1, 
2016/5/25, 40, 11, 4, 1, 
2016/5/26, 33, 14, 1, 1, 
2016/5/27, 27, 16, , 1, 
2016/5/28, 41, 10, 2, 1, 
2016/5/29, 31, 11, 2, 1, 
2016/5/30, 41, 15, 2, 1, 
2016/5/31, 54, 10, 5, 1, 
2016/6/1, 35, 12, 4, 1, 
2016/6/2, 40, 22, 5, 2, 
2016/6/3, 61, 17, 4, 1, 
2016/6/4, 67, 18, 1, 1, 
2016/6/5, 44, 17, 3, 2, 
2016/6/6, 50, 21, 3, 2, 
2016/6/7, 50, 35, 3, 1, 
2016/6/8, 63, 14, 3, 1, 
2016/6/9, 35, 13, 2, 1, 
2016/6/10, 28, 15, 1, 1, 
2016/6/11, 33, 18, 1, 1, 
2016/6/12, 42, 18, 3, 2, 
2016/6/13, 45, 16, 2, 2, 
2016/6/14, 50, 18, 3, 1, 
2016/6/15, 47, 11, 2, 1, 
2016/6/16, 33, 7, 1, 1, 
2016/6/17, 32, 48, , 1, 
2016/6/18, 86, 24, , 1, 
2016/6/19, 38, 23, 2, 1, 
2016/6/20, 55, 29, 1, 1, 
2016/6/21, 57, 17, 2, 2, 
2016/6/22, 49, 12, 3, 1, 
2016/6/23, 34, 9, 2, 1, 
2016/6/24, 24, 11, 2, 1, 
2016/6/25, 23, 6, 1, 1, 
2016/6/26, 24, 11, 1, 1, 
2016/6/27, 23, 12, 2, 1, 
2016/6/28, 40, 15, 2, 1, 
2016/6/29, 32, 20, 4, 2, 
2016/6/30, 39, 12, 3, 1, 
2016/1/4, 28, 8, 6, , 
2016/1/5, 23, 14, 1, , 
2016/1/6, 50, 12, , , 
2016/1/7, 34, 19, 1, , 
2016/1/8, 85, 17, 3, , 
2016/1/9, 54, 50, 10, 1, 
2016/1/10, 90, 13, 5, 1, 
2016/1/11, 29, 9, 7, 1, 
2016/1/12, 47, 11, 12, 1, 
2016/1/13, 34, 11, 17, 1, 
2016/1/14, 33, 10, 5, 1, 
2016/1/15, 30, 7, 3, , 
2016/1/16, 18, 7, 1, , 
2016/1/17, 22, 9, 12, 1, 
2016/1/18, 28, 8, 5, 1, 
2016/1/19, 24, 7, 2, 1, 
2016/1/20, 23, 12, 1, , 
2016/1/21, 33, 11, 5, 1, 
2016/1/22, 26, 15, 2, , 
2016/1/23, 24, 19, 1, , 
2016/1/24, 40, 17, 3, , 
2016/1/25, 32, 16, 7, 1, 
2016/1/26, 32, 11, 8, 1, 
2016/1/27, 33, 9, 5, , 
2016/1/28, 26, 13, 9, 1, 
2016/1/29, 41, 14, 9, 1, 
2016/1/30, 37, 9, 4, , 
2016/1/31, 37, 13, 9, 1, 
2016/2/1, 49, 23, 11, 1, 
2016/2/2, 45, 8, 4, , 
2016/2/3, 23, 6, 1, , 
2016/2/4, 17, 13, 5, , 
2016/2/5, 26, 8, 1, , 
2016/2/6, 28, 9, 3, , 
2016/2/7, 27, 20, 6, 1, 
2016/2/8, 55, 20, 5, 1, 
2016/2/9, 67, 25, 12, 1, 
2016/2/10, 64, 7, 7, 1, 
2016/2/11, 22, 10, 14, 1, 
2016/2/12, 32, 7, 3, , 
2016/2/13, 24, 11, 10, 1, 
2016/2/14, 31, 10, 2, , 
2016/2/15, 22, 19, 4, 1, 
2016/2/16, 54, 20, 11, 1, 
2016/2/17, 30, 12, 7, 1, 
2016/2/18, 34, 14, 9, 1, 
2016/2/19, 37, 10, 5, 1, 
2016/2/20, 27, 10, 1, 1, 
2016/2/21, 33, 21, 11, 1, 
2016/2/22, 44, 16, 16, 1, 
2016/2/23, 39, 10, 8, 1, 
2016/2/24, 27, 10, 6, 1, 
2016/2/25, 29, 18, 13, 1, 
2016/2/26, 34, 12, 8, 1, 
2016/2/27, 25, 8, , , 
2016/2/28, 17, 19, 7, 1, 
2016/2/29, 30, 10, 6, 1, 
2016/3/1, 33, 14, 9, 1, 
2016/3/2, 44, 17, 8, 1, 
2016/3/3, 53, 17, 10, 1, 
2016/3/4, 40, 8, 4, 1, 
2016/3/5, 20, 16, 6, 1, 
2016/3/6, 29, 13, 3, 1, 
2016/3/7, 22, 12, 6, 1, 
2016/3/8, 29, 11, 8, 1, 
2016/3/9, 32, 14, 4, 1, 
2016/3/10, 35, 15, 3, 1, 
2016/3/11, 34, 21, 2, 1, 
2016/3/12, 48, 18, , , 
2016/3/13, 33, 27, 5, 1, 
2016/3/14, 47, 30, 2, , 
2016/3/15, 47, 39, 2, , 
2016/3/16, 58, 39, 4, 1, 
2016/3/17, 82, 22, 3, , 
2016/3/18, 38, 26, 4, 1, 
2016/3/19, 61, 11, 3, 1, 
2016/3/20, 30, 18, 5, 1, 
2016/3/21, 31, 9, 3, 1, 
2016/3/22, 19, 12, 3, 1, 
2016/3/23, 43, 9, 1, 1, 
2016/3/24, 24, 15, 1, 1, 
2016/3/25, 66, 34, 2, 1, 
2016/3/26, 112, 35, 1, , 
2016/3/27, 113, 31, , , 
2016/3/28, 116, 14, 2, , 
2016/3/29, 64, 18, 2, 1, 
2016/3/30, 64, 79, 1, 1, 
2016/3/31, 209, 10, 2, 1, 
2015/10/1, 26, 11, 6, 2, 
2015/10/2, 32, 9, 4, 2, 
2015/10/3, 24, 10, 1, 2, 
2015/10/4, 22, 15, 4, 2, 
2015/10/5, 27, 11, 5, 2, 
2015/10/6, 29, 10, 4, 2, 
2015/10/7, 24, 12, 6, 2, 
2015/10/8, 29, 10, 8, 2, 
2015/10/9, 28, 9, 3, 2, 
2015/10/10, 22, 10, 6, 2, 
2015/10/11, 25, 9, 4, 2, 
2015/10/12, 20, 17, 9, 2, 
2015/10/13, 35, 11, 7, 2, 
2015/10/14, 28, 17, 5, 2, 
2015/10/15, 27, 17, 3, 2, 
2015/10/16, 29, 13, 1, 2, 
2015/10/17, 25, 15, 3, 2, 
2015/10/18, 28, 8, 6, 2, 
2015/10/19, 20, 10, 3, 2, 
2015/10/20, 23, 10, 6, 2, 
2015/10/21, 25, 8, 5, 2, 
2015/10/22, 19, 9, 3, 2, 
2015/10/23, 25, 11, 3, 2, 
2015/10/24, 37, 8, 4, 2, 
2015/10/25, 26, 26, 11, 2, 
2015/10/26, 63, 24, 8, 2, 
2015/10/27, 52, 7, 2, 2, 
2015/10/28, 20, 10, 1, 2, 
2015/10/29, 26, 14, 3, 2, 
2015/10/30, 27, 15, 8, 2, 
2015/10/31, 34, 14, 1, 2, 
2015/11/1, 25, 15, 3, 2, 
2015/11/2, 28, 15, 6, 3, 
2015/11/3, 37, 9, 5, 2, 
2015/11/4, 25, 7, 2, 1, 
2015/11/5, 18, 12, 4, , 
2015/11/6, 30, 7, 3, , 
2015/11/7, 23, 9, 4, , 
2015/11/8, 18, 9, 5, 1, 
2015/11/9, 24, 12, 4, , 
2015/11/10, 25, 10, 4, , 
2015/11/11, 30, 12, 5, , 
2015/11/12, 26, 12, 8, 1, 
2015/11/13, 39, 10, 8, 1, 
2015/11/14, 32, 11, 6, 1, 
2015/11/15, 30, 8, 5, , 
2015/11/16, 25, 14, 3, , 
2015/11/17, 51, 49, 9, 1, 
2015/11/18, 108, 33, 5, 1, 
2015/11/19, 108, 23, 7, , 
2015/11/20, 50, 38, 13, 1, 
2015/11/21, 43, 14, 5, , 
2015/11/22, 28, 18, 2, , 
2015/11/23, 30, 18, 9, 1, 
2015/11/24, 33, 19, 6, 1, 
2015/11/25, 25, 16, 5, , 
2015/11/26, 32, 13, 9, 1, 
2015/11/27, 31, 10, 8, 1, 
2015/11/28, 34, 9, 10, 1, 
2015/11/29, 26, 14, 12, 1, 
2015/11/30, 36, 8, 5, , 
2015/12/1, 17, 9, 12, 1, 
2015/12/2, 31, 7, 7, 1, 
2015/12/3, 22, 9, 7, 1, 
2015/12/4, 35, 11, 1, , 
2015/12/5, 33, 15, 8, 1, 
2015/12/6, 32, 7, 2, , 
2015/12/7, 14, , , , 
2015/12/19, 45, 15, 11, 1, 
2015/12/20, 35, 8, 2, , 
2015/12/21, 24, 16, 10, 1, 
2015/12/22, 36, 15, 11, 1, 
2015/12/23, 30, 9, 4, , 
2015/12/24, 30, 17, 7, , 
2015/12/25, 46, 6, 1, , 
2015/12/26, 25, 11, 1, , 
2015/12/27, 25, 10, 5, , 
2015/12/28, 24, 12, 4, , 
2015/12/29, 29, 13, 4, 1, 
2015/12/30, 37, , , , 
2016/1/1, 51, 13, 9, 1, 
2016/1/2, 36, 16, 10, 1, 
2016/1/3, 30, 10, 4, , 
2015/7/10, 43, 17, 2, 2, 
2015/7/11, 56, 11, 1, 2, 
2015/7/12, 34, 9, 4, 2, 
2015/7/13, 29, 8, 2, 2, 
2015/7/14, 27, 11, 2, 2, 
2015/7/15, 39, 13, 4, 2, 
2015/7/16, 36, 17, 3, 2, 
2015/7/17, 54, 12, 1, 2, 
2015/7/18, 47, 29, 1, 2, 
2015/7/19, 127, 13, 2, 2, 
2015/7/20, 76, 10, 2, 2, 
2015/7/21, 32, 8, 2, 2, 
2015/7/22, 44, 15, 2, 2, 
2015/7/23, 44, 13, 4, 2, 
2015/7/24, 41, 10, 2, 2, 
2015/7/25, 33, 11, 2, 2, 
2015/7/26, 27, 10, 3, 2, 
2015/7/27, 37, 14, 4, 3, 
2015/7/28, 45, 10, 2, 2, 
2015/7/29, 36, 15, 1, 2, 
2015/7/30, 49, 22, 3, 2, 
2015/7/31, 55, 10, 1, 2, 
2015/8/1, 43, 10, 1, 2, 
2015/8/2, 23, 11, 2, 2, 
2015/8/3, 34, 36, 3, 2, 
2015/8/4, 91, 21, 4, 2, 
2015/8/5, 62, 20, 2, 2, 
2015/8/6, 37, 30, 2, 2, 
2015/8/7, 28, 59, 1, 2, 
2015/8/8, 32, 11, 2, 2, 
2015/8/9, 42, 9, 3, 2, 
2015/8/10, 31, 15, 4, 2, 
2015/8/11, 39, 9, 1, 2, 
2015/8/12, 25, 16, 1, 2, 
2015/8/13, 33, 11, 3, 2, 
2015/8/14, 25, 12, 2, 2, 
2015/8/15, 25, 9, 3, 2, 
2015/8/16, 22, 11, 5, 2, 
2015/8/17, 49, 9, 2, 2, 
2015/8/18, 21, 13, 4, 3, 
2015/8/19, 38, 12, 4, 2, 
2015/8/20, 34, 12, 4, 2, 
2015/8/21, 32, 9, 2, 2, 
2015/8/22, 25, 8, 1, 2, 
2015/8/23, 19, 15, 6, 2, 
2015/8/24, 32, 20, 2, 2, 
2015/8/25, 71, 18, 5, 2, 
2015/8/26, 49, 14, 3, 2, 
2015/8/27, 34, 11, 4, 2, 
2015/8/28, 30, 12, 2, 3, 
2015/8/29, 31, 11, 3, 3, 
2015/8/30, 25, 8, 5, 2, 
2015/8/31, 28, 15, 6, 2, 
2015/9/1, 32, 10, 5, 2, 
2015/9/2, 30, 12, 4, 2, 
2015/9/3, 28, 15, 5, 2, 
2015/9/4, 29, 8, 2, 2, 
2015/9/5, 17, 9, 1, 2, 
2015/9/6, 20, 10, 1, 2, 
2015/9/7, 27, 12, 1, 2, 
2015/9/8, 27, 10, 1, 2, 
2015/9/9, 21, 15, 1, 2, 
2015/9/10, 30, 13, 3, 2, 
2015/9/11, 32, 11, 4, 2, 
2015/9/12, 33, 11, 5, 2, 
2015/9/13, 28, 12, 7, 2, 
2015/9/14, 36, 12, 5, 2, 
2015/9/15, 39, 15, 7, 3, 
2015/9/16, 41, 14, 6, 3, 
2015/9/17, 41, 12, 6, 2, 
2015/9/18, 31, 17, , 2, 
2015/9/19, 23, 11, 1, 2, 
2015/9/20, 26, 15, 4, 2, 
2015/9/21, 31, 12, 3, 2, 
2015/9/22, 28, 12, 4, 2, 
2015/9/23, 32, 15, 8, 3, 
2015/9/24, 39, 10, 3, 2, 
2015/9/25, 23, 7, 1, 2, 
2015/9/26, 23, 12, 1, 2, 
2015/9/27, 35, 13, 3, 2, 
2015/9/28, 28, 12, 3, 2, 
2015/9/29, 31, 11, 5, 2, 
2015/9/30, 26, 12, 3, 2, 
2023/1/2, , 6, 37, , 
2023/1/3, , 8, 71, 3, 
2023/1/4, , 11, 77, 19, 
2023/1/5, , 8, 38, 1, 
2023/1/6, , 3, , , 
2022/10/1, , 6, 3, , 
2022/10/2, , 7, 6, , 
2022/10/3, , 9, 6, , 
2022/10/4, , 3, 12, , 
2022/10/5, , 7, 16, , 
2022/10/6, , 6, 13, , 
2022/10/7, , 6, 9, , 
2022/10/8, , 4, 2, , 
2022/10/9, , 2, 5, , 
2022/10/10, , 7, 12, , 
2022/10/11, , 4, 10, , 
2022/10/12, , 7, 8, , 
2022/10/13, , 5, 25, , 
2022/10/14, , 18, 6, , 
2022/10/15, , 5, 9, , 
2022/10/16, , 13, 26, , 
2022/10/17, , 19, 26, , 
2022/10/18, , 17, 14, , 
2022/10/19, , 4, 5, , 
2022/10/20, , 6, 26, , 
2022/10/21, , 33, 18, , 
2022/10/22, , 23, , , 
2022/10/23, , 2, 9, , 
2022/10/24, , 7, 25, , 
2022/10/25, , 17, 13, , 
2022/10/26, , 25, 31, , 
2022/10/27, , 40, 28, , 
2022/10/28, , 14, 9, , 
2022/10/29, , 4, 14, , 
2022/10/30, , 6, 9, 1, 
2022/10/31, , 4, 20, , 
2022/11/1, , 21, 29, , 
2022/11/2, , 47, 25, , 
2022/11/3, , 29, 12, , 
2022/11/4, , 6, 1, , 
2022/11/5, , 9, 6, , 
2022/11/6, , 19, 24, , 
2022/11/7, , 25, 27, , 
2022/11/8, , 31, 21, , 
2022/11/9, , 28, 12, , 
2022/11/10, , 22, 8, , 
2022/11/11, , 8, 6, , 
2022/11/12, , 6, , , 
2022/11/13, , 4, 6, , 
2022/11/14, , 4, 16, , 
2022/11/15, , 6, 2, , 
2022/11/16, , 2, 3, , 
2022/11/17, , 6, 15, , 
2022/11/18, , 8, 1, , 
2022/11/19, , 6, 2, 1, 
2022/11/20, , 6, 3, 2, 
2022/11/21, , 2, 5, , 
2022/11/22, , 15, 1, , 
2022/11/23, , 24, 1, , 
2022/11/24, , 7, 18, , 
2022/11/25, , 36, 19, , 
2022/11/26, , 121, 8, , 
2022/11/27, , 198, 30, , 
2022/11/28, , 7, 4, , 
2022/11/29, , 2, 3, , 
2022/11/30, , 4, 3, , 
2022/12/1, , 12, 19, , 
2022/12/2, , 6, 34, , 
2022/12/3, , 6, 30, , 
2022/12/4, , 5, 35, , 
2022/12/5, , 5, 46, 1, 
2022/12/6, , 8, 32, , 
2022/12/7, , 5, 14, , 
2022/12/8, , 7, 20, , 
2022/12/9, , 17, 38, , 
2022/12/10, , 15, 34, 1, 
2022/12/11, , 10, 46, 1, 
2022/12/12, , 12, 37, , 
2022/12/13, , 11, 39, , 
2022/12/14, , 26, 44, 1, 
2022/12/15, , 21, 15, , 
2022/12/16, , 22, 1, , 
2022/12/17, , 2, 23, , 
2022/12/18, , 7, 10, , 
2022/12/19, , 18, 2, , 
2022/12/20, , 10, 6, , 
2022/12/21, , 5, 19, , 
2022/12/22, , 5, 24, , 
2022/12/23, , 7, 3, , 
2022/12/24, , 3, 1, , 
2022/12/25, , 7, 8, , 
2022/12/26, , 5, 18, , 
2022/12/27, , 11, 27, , 
2022/12/28, , 4, 55, 1, 
2022/12/29, , 7, 81, 1, 
2022/12/30, , 10, 11, , 
2022/12/31, , 9, 9, , 
2023/1/1, , 14, 13, , 
2022/7/1, , 6, 4, 1, 
2022/7/2, , 5, 1, 1, 
2022/7/3, , 5, , 1, 
2022/7/4, , 8, 1, 1, 
2022/7/5, , 6, 4, 1, 
2022/7/6, , 6, 6, 1, 
2022/7/7, , 8, 4, 1, 
2022/7/8, , 7, , 1, 
2022/7/9, , 3, 1, 1, 
2022/7/10, , 3, 1, 1, 
2022/7/11, , 3, 3, 1, 
2022/7/12, , 4, 4, 1, 
2022/7/13, , 4, 4, 1, 
2022/7/14, , 4, 2, 1, 
2022/7/15, , 4, , 1, 
2022/7/16, , 3, 1, 1, 
2022/7/17, , 6, 3, 1, 
2022/7/18, , 5, 5, 1, 
2022/7/19, , 7, 1, 1, 
2022/7/20, , 7, 3, 1, 
2022/7/21, , 4, 5, 1, 
2022/7/22, , 3, 1, 1, 
2022/7/23, , 3, 1, 1, 
2022/7/24, , 4, 6, 1, 
2022/7/25, , 4, 1, 1, 
2022/7/26, , 3, 4, 1, 
2022/7/27, , 3, 7, 1, 
2022/7/28, , 4, 2, 1, 
2022/7/29, , 5, , 1, 
2022/7/30, , 2, , 1, 
2022/7/31, , 5, , 1, 
2022/8/1, , 4, 4, 1, 
2022/8/2, , 4, 2, 1, 
2022/8/3, , 3, 1, 1, 
2022/8/4, , 3, 2, 1, 
2022/8/5, , 4, 3, 2, 
2022/8/6, , 5, 2, 1, 
2022/8/7, , 4, 2, 1, 
2022/8/8, , 5, 5, 1, 
2022/8/9, , 3, 9, 1, 
2022/8/10, , 6, 6, 1, 
2022/8/11, , 7, 6, 1, 
2022/8/12, , 8, 2, 9, 
2022/8/13, , 6, 1, 2, 
2022/8/14, , 7, 2, 1, 
2022/8/15, , 4, 4, 3, 
2022/8/16, , 6, 1, 1, 
2022/8/17, , 4, 5, 1, 
2022/8/18, , 6, 5, 1, 
2022/8/19, , 4, , 1, 
2022/8/20, , 6, 2, 1, 
2022/8/21, , 3, 3, 1, 
2022/8/22, , 4, 8, 1, 
2022/8/23, , 51, 10, 2, 
2022/8/24, , 6, 2, 2, 
2022/8/25, , 4, 6, 1, 
2022/8/26, , 8, 5, 1, 
2022/8/27, , 5, 3, 1, 
2022/8/28, , 4, , 1, 
2022/8/29, , 52, 6, 1, 
2022/8/30, , 8, 4, 1, 
2022/8/31, , 7, 5, 1, 
2022/9/1, , 43, 8, 1, 
2022/9/2, , 8, 7, 2, 
2022/9/3, , 7, 4, 2, 
2022/9/4, , 7, 9, 2, 
2022/9/5, , 9, 14, 2, 
2022/9/6, , 12, 14, 2, 
2022/9/7, , 14, 4, 1, 
2022/9/8, , 9, 9, 1, 
2022/9/9, , 5, 5, 1, 
2022/9/10, , 45, 2, 1, 
2022/9/11, , 4, 11, 2, 
2022/9/12, , 10, 10, 1, 
2022/9/13, , 13, 9, 1, 
2022/9/14, , 5, 14, 2, 
2022/9/15, , 7, 15, 2, 
2022/9/16, , 6, 7, 2, 
2022/9/17, , 5, , 1, 
2022/9/18, , 23, 3, 1, 
2022/9/19, , 1, 6, 1, 
2022/9/20, , 5, 8, 1, 
2022/9/21, , 6, 9, , 
2022/9/22, , 4, 11, , 
2022/9/23, , 11, 2, , 
2022/9/24, , 9, 6, , 
2022/9/25, , 23, 11, , 
2022/9/26, , 17, 12, , 
2022/9/27, , 31, 8, , 
2022/9/28, , 15, 3, , 
2022/9/29, , 2, 9, , 
2022/9/30, , 3, 7, , 
2022/4/8, , 880, 9, 4, 
2022/4/11, , 108, 2, 4, 
2022/4/12, , 10, 2, 3, 
2022/4/13, , 14, 3, 4, 
2022/4/14, , 3, 1, 3, 
2022/4/15, , 9, , 3, 
2022/4/16, , 4, 1, 3, 
2022/4/17, , 10, 2, 3, 
2022/4/18, , 11, 1, 3, 
2022/4/19, , 27, 8, 4, 
2022/4/20, , 8, 4, 4, 
2022/4/21, , 14, 1, 4, 
2022/4/22, , 15, 2, 4, 
2022/4/23, , 18, 1, 4, 
2022/4/24, , 7, , 3, 
2022/4/25, , 19, 8, 4, 
2022/4/26, , 17, 10, 4, 
2022/4/27, , 15, 6, 4, 
2022/4/28, , 17, 7, 4, 
2022/4/29, , 19, 6, 4, 
2022/4/30, , 16, 7, 4, 
2022/5/1, , 14, 2, 4, 
2022/5/2, , 13, 2, 4, 
2022/5/3, , 4, 4, 4, 
2022/5/4, , 9, 5, 4, 
2022/5/5, , 13, 5, 4, 
2022/5/6, , 17, 8, 10, 
2022/5/7, , 14, 1, , 
2022/5/8, , 4, , , 
2022/5/9, , 13, 5, , 
2022/5/10, , 14, 4, , 
2022/5/11, , 8, 7, , 
2022/5/12, , 10, 3, , 
2022/5/13, , 10, 4, , 
2022/5/14, , 9, 1, , 
2022/5/15, , 7, , , 
2022/5/16, , 22, , , 
2022/5/17, , 20, 1, , 
2022/5/18, , 12, 7, , 
2022/5/19, , 7, 1, , 
2022/5/20, , 5, , , 
2022/5/21, , 7, 1, 1, 
2022/5/22, , 6, , , 
2022/5/23, , 9, 4, 1, 
2022/5/24, , 7, 4, , 
2022/5/25, , 5, 4, , 
2022/5/26, , 8, 2, 1, 
2022/5/27, , 8, 3, 1, 
2022/5/28, , 9, , 1, 
2022/5/29, , 6, 2, 1, 
2022/5/30, , 10, 5, 2, 
2022/5/31, , 7, 4, 1, 
2022/6/1, , 8, 6, 1, 
2022/6/2, , 8, 10, 1, 
2022/6/3, , 5, 12, 1, 
2022/6/4, , 6, 1, , 
2022/6/5, , 6, 3, , 
2022/6/6, , 6, 1, 1, 
2022/6/7, , 14, 1, , 
2022/6/8, , 11, 4, 1, 
2022/6/9, , 25, 2, 1, 
2022/6/10, , 48, 4, 1, 
2022/6/11, , 11, , 1, 
2022/6/12, , 5, 2, 1, 
2022/6/13, , 3, 1, 1, 
2022/6/14, , 6, 1, , 
2022/6/15, , 7, 1, , 
2022/6/16, , 9, 1, , 
2022/6/17, , 7, 1, , 
2022/6/18, , 9, , 1, 
2022/6/19, , 11, 1, 1, 
2022/6/20, , 7, 6, 1, 
2022/6/21, , 8, 3, 1, 
2022/6/22, , 11, 8, 1, 
2022/6/23, , 7, 4, , 
2022/6/24, , 6, 3, 1, 
2022/6/25, , 6, , 1, 
2022/6/26, , 4, 1, 1, 
2022/6/27, , 151, 5, 1, 
2022/6/28, , 7, 2, 1, 
2022/6/29, , 8, 4, 1, 
2022/6/30, , 7, 3, 1, 
2022/2/1, , 260, 26, 4, 
2022/2/2, , 708, 33, 4, 
2021/12/21, , 6, 6, 2, 
2020/11/20, , 8, 19, 3, 
2020/11/21, , 6, 22, 3, 
2020/11/22, , 7, 27, 3, 
2020/12/13, , 16, 10, 3, 
2020/12/14, , 15, 10, 3, 
2020/12/15, , 24, 13, 3, 
2020/8/2, , 7, 3, 2, 
2020/3/31, , 17, 2, , 
2020/4/4, , 4, 1, 1, 
2020/4/5, , 10, 2, 1, 
2020/4/6, , 10, 6, 1, 
2020/4/7, , 28, 9, 2, 
2020/4/8, , 14, 4, 2, 
2020/4/9, , 4, 1, 2, 
2020/4/10, , 14, 3, 2, 
2020/4/11, , 5, 1, 2, 
2020/4/12, , 9, 2, 2, 
2020/4/13, , 33, 5, 1, 
2020/4/14, , 24, 5, 2, 
2020/4/15, , 30, 8, 2, 
2020/4/18, , 2, 2, 2, 
2020/4/19, , 7, 2, 2, 
2020/4/20, , 8, 3, 1, 
2020/4/21, , 12, 7, 1, 
2020/4/22, , 8, 3, 2, 
2019/12/31, , 56, 4, 2, 
2020/2/15, , 8, 4, , 
2020/3/2, , 10, 28, , 
2020/3/3, , 2, 8, , 
2020/3/4, , 7, 18, , 
2020/3/21, , 6, 1, , 
2020/3/22, , 11, 3, , 
2020/3/25, , 10, 7, , 
2020/3/28, , 11, 2, 1, 
2020/3/29, , 23, 5, 1, 
2020/3/30, , 281, 3, 1, 
2019/12/21, , 14, 28, 3, 
2019/12/22, , 17, 50, 3, 
2019/12/23, , 14, 35, 3, 
2019/12/24, , 9, 16, 2, 
2019/9/21, , 8, , , 
2019/9/22, , 7, , , 
2019/5/3, , 18, 1, , 
2019/6/18, , 10, 3, 1, 
2019/3/10, , 6, , 1, 
2018/11/12, , 25, , 1, 
2018/11/13, , 31, , , 
2018/11/14, , 51, , 1, 
2018/11/15, , 7, , , 
2018/11/16, , 13, , , 
2018/11/17, , 19, , , 
2018/11/18, , 23, , , 
2018/11/19, , 24, , , 
2018/11/20, , 22, , 1, 
2018/11/21, , 48, , 1, 
2018/11/22, , 26, , 1, 
2018/11/23, , 17, , 2, 
2018/11/24, , 8, , 1, 
2018/11/25, , 9, , , 
2018/11/26, , 11, , , 
2018/11/27, , 47, , , 
2018/11/28, , 38, , , 
2018/11/29, , 18, , , 
2018/12/2, , 48, , , 
2018/12/3, , 15, , 1, 
2018/12/4, , 6, , , 
2018/12/5, , 17, , , 
2018/12/6, , 12, , , 
2018/8/19, , 8, 2, 2, 
2018/8/20, , 13, 2, 2, 
2018/4/1, , 21, 1, 1, 
2018/4/2, , 7, 2, 1, 
2018/4/3, , 21, 6, 1, 
2018/4/4, , 45, 13, 2, 
2018/4/5, , 41, 11, 1, 
2018/4/6, , 37, 11, 2, 
2018/4/7, , 28, 13, 2, 
2018/4/8, , 28, 3, 1, 
2018/4/9, , 43, 7, 1, 
2018/4/10, , 39, 4, 1, 
2018/4/11, , 11, 5, 1, 
2018/4/12, , 11, 14, 2, 
2018/4/13, , 34, 7, 2, 
2018/4/14, , 6, 4, 1, 
2018/4/15, , 12, 1, 2, 
2018/4/16, , 62, 2, 2, 
2018/4/17, , 60, 3, 2, 
2018/4/18, , 14, 5, 2, 
2018/4/19, , 19, 3, 2, 
2018/4/20, , 26, 13, 2, 
2018/4/21, , 10, 3, 2, 
2018/4/22, , 16, 6, 2, 
2018/4/23, , 24, 10, 2, 
2018/4/24, , 7, 4, 2, 
2018/4/25, , 9, 11, 2, 
2018/4/26, , 8, 11, 2, 
2018/4/27, , 17, 13, 2, 
2018/4/28, , 16, 4, 2, 
2018/4/29, , 10, 5, 1, 
2018/4/30, , 24, 18, 2, 
2018/5/1, , 18, 6, 2, 
2018/5/2, , 18, 14, 2, 
2018/5/3, , 16, 11, 2, 
2018/5/4, , 22, 10, 2, 
2018/5/5, , 20, 7, 2, 
2018/5/6, , 19, 4, 2, 
2018/5/7, , 11, 7, 2, 
2018/5/8, , 7, 8, 2, 
2018/5/9, , 8, 4, 2, 
2018/5/10, , 7, 8, 3, 
2018/5/11, , 11, 7, 2, 
2018/1/1, , 229, 8, 1, 
2018/1/2, , 10, 25, 2, 
2018/1/3, , 34, 10, 1, 
2018/1/4, , 33, 28, 2, 
2018/1/5, , 52, 27, 2, 
2018/1/6, , 25, 3, 1, 
2018/1/7, , 10, 18, 1, 
2018/1/8, , 13, 5, 1, 
2018/1/9, , 19, 22, 1, 
2018/1/10, , 14, 10, 1, 
2018/1/11, , 13, 13, 1, 
2018/1/12, , 23, 5, 1, 
2018/1/13, , 10, 3, 1, 
2018/1/14, , 11, 25, 2, 
2018/1/15, , 16, 9, 1, 
2018/1/16, , 12, 47, 3, 
2018/1/17, , 21, 31, 2, 
2018/1/18, , 10, 61, 3, 
2018/1/19, , 14, 45, 2, 
2018/1/20, , 12, 3, 1, 
2018/1/21, , 16, 3, 1, 
2018/1/22, , 11, 9, 1, 
2018/1/23, , 6, 10, 1, 
2018/1/24, , 11, 32, 2, 
2018/1/25, , 17, 10, 1, 
2018/1/26, , 8, 23, 1, 
2018/1/27, , 12, 21, 1, 
2018/1/28, , 13, 21, 2, 
2018/1/29, , 15, 13, 1, 
2018/1/30, , 7, 37, 2, 
2018/1/31, , 12, 13, 1, 
2018/2/1, , 7, 11, 1, 
2018/2/2, , 12, 13, 2, 
2018/2/3, , 24, 4, 1, 
2018/2/4, , 10, 12, 2, 
2018/2/5, , 17, 14, 1, 
2018/2/6, , 17, 11, 2, 
2018/2/7, , 18, 16, 2, 
2018/2/8, , 14, 14, 2, 
2018/2/9, , 15, 5, 1, 
2018/2/10, , 15, 1, 1, 
2018/2/11, , 15, 21, 2, 
2018/2/12, , 12, 20, 1, 
2018/2/13, , 11, 6, 1, 
2018/2/14, , 9, 41, 3, 
2018/2/15, , 17, 15, 2, 
2018/2/16, , 15, 16, 1, 
2018/2/17, , 9, 1, 1, 
2018/2/18, , 6, 4, 1, 
2018/2/19, , 16, 19, 2, 
2018/2/20, , 23, 8, 1, 
2018/2/21, , 36, 7, 1, 
2018/2/22, , 38, 3, 1, 
2018/2/23, , 10, 2, 1, 
2018/2/24, , 17, 2, 1, 
2018/2/25, , 21, 4, 1, 
2018/2/26, , 21, 7, 1, 
2018/2/27, , 27, 31, 2, 
2018/2/28, , 62, 13, 1, 
2018/3/1, , 36, 16, 1, 
2018/3/2, , 60, 11, 1, 
2018/3/3, , 40, 5, 1, 
2018/3/4, , 37, 12, 1, 
2018/3/5, , 47, 6, 1, 
2018/3/6, , 28, 19, 2, 
2018/3/7, , 36, 31, 2, 
2018/3/8, , 62, 10, 1, 
2018/3/9, , 29, 2, 1, 
2018/3/10, , 31, 12, 1, 
2018/3/11, , 38, 21, 2, 
2018/3/12, , 39, 13, 1, 
2018/3/13, , 33, 3, 1, 
2018/3/14, , 13, 6, 1, 
2018/3/15, , 10, 7, 1, 
2018/3/16, , 14, 5, 1, 
2018/3/17, , 13, 4, 1, 
2018/3/18, , 25, 18, 1, 
2018/3/19, , 34, 13, 1, 
2018/3/20, , 19, 10, 1, 
2018/3/21, , 20, 14, 2, 
2018/3/22, , 10, 18, 2, 
2018/3/23, , 21, 16, 2, 
2018/3/24, , 33, 5, 1, 
2018/3/25, , 20, 3, 1, 
2018/3/26, , 44, 4, 1, 
2018/3/27, , 11, 7, 1, 
2018/3/28, , 44, 16, 2, 
2018/3/29, , 46, 11, 2, 
2018/3/30, , 39, 11, 2, 
2018/3/31, , 35, 1, 1, 
2016/10/12, , 10, 10, , 
2016/11/17, , 9, 7, , 
2016/11/18, , 7, 5, , 
2016/11/19, , 13, 11, , 
2016/11/20, , 16, 30, 1, 
2016/11/21, , 6, 13, , 
2016/11/22, , 7, 21, , 
2016/11/23, , 8, 11, , 
2016/11/24, , 37, 13, , 
2016/11/25, , 26, 7, , 
2016/11/26, , 20, 6, , 
2016/11/27, , 16, 15, , 
2016/11/28, , 16, 20, , 
2016/11/29, , 10, 23, , 
2016/11/30, , 19, 11, , 
2016/12/1, , 22, 8, , 
2016/12/2, , 7, 3, , 
2016/12/3, , 18, 4, , 
2016/12/4, , 22, 9, , 
2016/12/5, , 10, 3, , 
2016/12/6, , 7, 14, , 
2016/12/7, , 5, 7, , 
2016/12/8, , 21, 7, , 
2016/12/9, , 128, 23, 1, 
2016/12/10, , 12, 14, , 
2016/12/11, , 15, 21, 1, 
2016/12/12, , 19, 4, , 
2016/12/13, , 20, 11, , 
2016/12/14, , 13, 5, , 
2016/12/15, , 17, 15, , 
2016/12/16, , 8, 5, , 
2016/12/17, , 22, 7, , 
2016/12/18, , 18, 9, 1, 
2016/12/19, , 17, 8, , 
2016/12/20, , 13, 29, , 
2016/12/21, , 12, 19, , 
2016/12/22, , 10, 11, , 
2016/12/23, , 13, 15, , 
2016/12/24, , 7, 3, , 
2016/12/25, , 17, 6, , 
2016/12/26, , 26, 3, , 
2016/12/27, , 33, 6, 1, 
2016/12/28, , 15, 4, , 
2016/12/29, , 15, 17, 1, 
2016/12/30, , 30, 17, , 
2016/7/8, , 14, 1, 1, 
2016/8/29, , 10, 10, , 
2015/12/16, , 9, 3, , 
2015/12/17, , 9, 5, , 
2015/12/18, , 23, 10, 1, 
2015/12/31, , 23, 2, 1, 
2015/7/9, , 13, 3, 2, 
2022/4/1, , , 3, 4, 
2022/4/2, , , 3, 3, 
2022/4/3, , , 3, 3, 
2022/4/4, , , 7, 4, 
2022/4/5, , , 4, 3, 
2022/4/6, , , 7, 3, 
2022/4/7, , , 7, 4, 
2022/4/9, , , , 4, 
2022/4/10, , , , 3, 
2022/2/3, , , 13, 3, 
2022/2/4, , , 4, 3, 
2022/2/5, , , 8, 3, 
2022/2/6, , , 3, 3, 
2022/2/7, , , 12, 3, 
2022/2/8, , , 12, 3, 
2022/2/9, , , 24, 3, 
2022/2/10, , , 10, 3, 
2022/2/11, , , 17, 3, 
2022/2/12, , , 5, 3, 
2022/2/13, , , 2, 3, 
2022/2/14, , , 11, 3, 
2022/2/15, , , 12, 3, 
2022/2/16, , , 18, 3, 
2022/2/17, , , 13, 3, 
2022/2/18, , , 3, 3, 
2022/2/19, , , 4, 3, 
2022/2/20, , , 9, 3, 
2022/2/21, , , 11, 3, 
2022/2/22, , , 7, 3, 
2022/2/23, , , 15, 3, 
2022/2/24, , , 2, 3, 
2022/2/25, , , 8, 3, 
2022/2/26, , , 2, 3, 
2022/2/27, , , 18, 3, 
2022/2/28, , , 15, 3, 
2022/3/1, , , 4, 3, 
2022/3/2, , , 16, 3, 
2022/3/3, , , 24, 4, 
2022/3/4, , , 7, 3, 
2022/3/5, , , 6, 3, 
2022/3/6, , , 23, 3, 
2022/3/7, , , 5, 3, 
2022/3/8, , , 23, 3, 
2022/3/9, , , 6, 3, 
2022/3/10, , , 4, 3, 
2022/3/11, , , 4, 3, 
2022/3/12, , , 4, 3, 
2022/3/13, , , 2, 3, 
2022/3/14, , , 11, 3, 
2022/3/15, , , 13, 4, 
2022/3/16, , , 7, 3, 
2022/3/17, , , 17, 4, 
2022/3/18, , , 14, 4, 
2022/3/19, , , 9, 4, 
2022/3/20, , , 5, 5, 
2022/3/21, , , 23, 4, 
2022/3/22, , , 5, 3, 
2022/3/23, , , 18, 3, 
2022/3/24, , , 2, 3, 
2022/3/25, , , 5, 3, 
2022/3/26, , , 2, 3, 
2022/3/27, , , 2, 3, 
2022/3/28, , , 3, 3, 
2022/3/29, , , 7, 3, 
2022/3/30, , , 15, 3, 
2022/3/31, , , 15, 4, 
2017/12/31, , , 54, 5, 
2020/3/23, , , , , 
2020/3/24, , , , , 
2018/12/10, , , , , 
2018/12/11, , , , , 
2018/12/12, , , , , 
2018/12/13, , , , , 
2018/12/14, , , , , 
2018/12/15, , , , , 
2018/12/16, , , , 1, 
2016/8/27, , , , , 
2016/8/28, , , , 1, 
