date,pm25,pm10,no2,so2,co,AQI
2022-01-03, 26, 7, 22, 3, , 7
2022-01-04, 25, 5, 3, 3, , 5
2022-01-05, 59, 62, 3, 3, , 62
2022-01-06, 123, 8, 5, 3, , 8
2022-01-07, 18, 9, 4, 3, , 9
2022-01-08, 44, 6, 5, 3, , 6
2022-01-09, 42, 101, 6, 2, , 6
2022-01-10, 414, 45, 9, 3, , 9
2022-01-11, 59, 9, 11, 3, , 9
2022-01-12, 30, 8, 10, 3, , 8
2022-01-13, 28, 6, 7, 3, , 7
2022-01-14, 15, 6, 8, 3, , 8
2022-01-15, 17, 7, 3, 3, , 7
2022-01-16, 19, 7, 5, 3, , 7
2022-01-17, 18, 6, 16, 3, , 6
2022-01-18, 16, 9, 25, 3, , 9
2022-01-19, 23, 8, 6, 3, , 8
2022-01-20, 14, 9, 10, 3, , 9
2022-01-21, 22, 9, 6, 3, , 9
2022-01-22, 20, 9, 2, 3, , 9
2022-01-23, 40, 13, 12, 3, , 40
2022-01-24, 19, 10, 3, 3, , 3
2022-01-25, 26, 11, 12, 3, , 3
2022-01-26, 15, 11, 14, 3, , 3
2022-01-27, 19, 12, 7, 3, , 7
2022-01-28, 41, 24, 17, 3, , 41
2022-01-29, 59, 8, 1, 3, , 8
2022-01-30, 31, 11, 11, 3, , 31
2022-01-31, 17, 8, 17, 3, , 8
2021-10-01, 40, 8, , 2, , 8
2021-10-02, 31, 6, , 1, , 6
2021-10-03, 27, 10, , 2, , 27
2021-10-04, 48, 8, , 2, , 8
2021-10-05, 26, 7, , 2, , 7
2021-10-06, 52, 20, , 1, , 52
2021-10-07, 171, 9, , 1, , 9
2021-10-08, 15, 15, , 1, , 15
2021-10-09, 27, 8, , 2, , 8
2021-10-10, 17, 10, , 2, , 2
2021-10-11, 26, 79, , 1, , 79
2021-10-12, 282, 8, , 1, , 8
2021-10-13, 27, 16, , 2, , 27
2021-10-14, 48, 16, , 2, , 48
2021-10-15, 25, 7, , 2, , 7
2021-10-16, 15, 2, , 2, , 2
2021-10-17, 12, 5, , 2, , 5
2021-10-18, 11, 8, , 2, , 8
2021-10-19, 54, 14, , 2, , 54
2021-10-20, 91, 15, , 2, , 91
2021-10-21, 37, 6, , 2, , 6
2021-10-22, 16, 5, , 2, , 5
2021-10-23, 14, 6, , 1, , 6
2021-10-24, 10, 14, , 2, , 2
2021-10-25, 26, 5, , 1, , 5
2021-10-26, 26, 15, , 2, , 26
2021-10-27, 31, 25, , 3, , 31
2021-10-28, 71, 10, , 2, , 71
2021-10-29, 39, 27, , 3, , 39
2021-10-30, 81, 9, , 2, , 9
2021-10-31, 48, 17, , 2, , 48
2021-11-01, 51, 11, , 2, , 51
2021-11-02, 110, 15, , 2, , 2
2021-11-03, 34, 11, , 2, , 34
2021-11-04, 22, 11, , 2, , 22
2021-11-05, 23, 5, , 2, , 5
2021-11-06, 15, 5, , 2, , 5
2021-11-07, 11, 6, , 2, , 6
2021-11-08, 12, 6, , 2, , 6
2021-11-09, 14, 15, , 2, , 2
2021-11-10, 34, 13, , 2, , 34
2021-11-11, 54, 27, , 2, , 54
2021-11-12, 77, 4, , 2, , 77
2021-11-13, 74, 116, , 1, , 74
2021-11-14, 115, 10, , 2, , 2
2021-11-15, 23, 10, , 2, , 23
2021-11-16, 32, 9, , 3, , 9
2021-11-17, 21, 8, , 2, , 8
2021-11-18, 14, 9, , 3, , 9
2021-11-19, 17, 10, , 3, , 3
2021-11-20, 18, 9, , 3, , 9
2021-11-21, 15, 9, , 3, , 9
2021-11-22, 13, 10, , 3, , 3
2021-11-23, 18, 14, , 2, , 2
2021-11-24, 36, 9, , 3, , 9
2021-11-25, 15, 33, 23, 3, , 33
2021-11-26, 109, 9, 9, 2, , 9
2021-11-27, 26, 5, 6, 2, , 6
2021-11-28, 10, 6, 9, 3, , 9
2021-11-29, 24, 6, 13, 3, , 6
2021-11-30, 16, 8, 18, 3, , 8
2021-12-01, 25, 9, 13, 3, , 9
2021-12-02, 17, 9, 15, 2, , 9
2021-12-03, 17, 10, 24, 3, , 3
2021-12-04, 24, 55, 2, 2, , 55
2021-12-05, 97, 7, 14, 3, , 97
2021-12-06, 15, 9, 18, 3, , 9
2021-12-07, 22, 7, 4, 3, , 7
2021-12-08, 17, 47, 17, 3, , 47
2021-12-09, 62, 7, 19, 3, , 7
2021-12-10, 23, 5, 3, 2, , 5
2021-12-11, 21, 8, 1, 2, , 8
2021-12-12, 25, 8, 13, 3, , 8
2021-12-13, 16, 6, 10, 3, , 6
2021-12-14, 20, , , , , 20
2021-12-22, 20, 35, 20, 3, , 35
2021-12-23, 130, 16, 20, 3, , 3
2021-12-24, 49, 6, 2, 3, , 6
2021-12-25, 13, 5, 3, 3, , 5
2021-12-26, 17, 9, 26, 3, , 9
2021-12-27, 18, 9, 21, 3, , 9
2021-12-28, 29, 9, 9, 3, , 9
2021-12-29, 77, 46, 31, 4, , 77
2021-12-30, 143, 9, 2, 3, , 9
2021-12-31, 55, 11, , 3, , 55
2022-01-01, 135, 11, 4, 3, , 4
2022-01-02, 144, 8, 22, 4, , 8
2021-07-01, 25, 17, 8, 14, , 8
2021-07-02, 61, 31, 9, 27, , 9
2021-07-03, 85, 21, 6, 8, , 85
2021-07-04, 55, 14, 9, 4, , 9
2021-07-05, 35, 341, 8, 5, , 8
2021-07-06, 338, 14, 11, 7, , 7
2021-07-07, 32, 8, 7, 1, , 8
2021-07-08, 15, 9, 3, 1, , 9
2021-07-09, 34, 6, 2, , , 6
2021-07-10, 16, 5, 2, 1, , 5
2021-07-11, 13, 6, 4, , , 6
2021-07-12, 10, 6, 4, , , 6
2021-07-13, 14, 6, 9, 1, , 9
2021-07-14, 13, 8, 4, 1, , 8
2021-07-15, 13, 8, 9, 1, , 9
2021-07-16, 14, 6, 6, 1, , 6
2021-07-17, 16, 11, 6, 14, , 6
2021-07-18, 35, 20, 8, 39, , 8
2021-07-19, 74, 6, 10, 1, , 74
2021-07-20, 11, 7, 9, 1, , 9
2021-07-21, 20, 4, 3, , , 4
2021-07-22, 7, 4, 6, 1, , 7
2021-07-23, 8, 4, 5, 1, , 8
2021-07-24, 10, 6, 2, 1, , 6
2021-07-25, 15, 6, 3, , , 6
2021-07-26, 12, 7, 8, 1, , 8
2021-07-27, 24, 6, 8, 2, , 8
2021-07-28, 25, 9, 10, 3, , 9
2021-07-29, 35, 9, 11, 2, , 9
2021-07-30, 48, 9, 6, 2, , 9
2021-07-31, 31, 7, 3, 1, , 7
2021-08-01, 22, 7, 6, 1, , 7
2021-08-02, 16, 6, 5, 1, , 6
2021-08-03, 11, 5, 7, 1, , 7
2021-08-04, 12, 6, 10, 1, , 6
2021-08-05, 20, 7, 1, 1, , 7
2021-08-06, 25, 9, , 3, , 9
2021-08-07, 40, 6, , 1, , 6
2021-08-08, 28, 7, , 1, , 7
2021-08-09, 22, 9, , 2, , 9
2021-08-10, 46, 12, , 2, , 46
2021-08-11, 48, 14, , 8, , 8
2021-08-12, 60, 10, , 3, , 60
2021-08-13, 35, 8, , 1, , 8
2021-08-14, 26, 8, , 1, , 8
2021-08-15, 19, 8, , 1, , 8
2021-08-16, 18, 6, 1, 1, , 6
2021-08-17, 15, 6, , 1, , 6
2021-08-18, 17, 6, , 1, , 6
2021-08-19, 12, 5, , 1, , 5
2021-08-20, 13, 6, , 1, , 6
2021-08-21, 16, 4, , 1, , 4
2021-08-22, 7, 4, , 1, , 7
2021-08-23, 13, 4, , 1, , 4
2021-08-24, 9, 5, , 1, , 9
2021-08-25, 13, 4, , 1, , 4
2021-08-26, 16, 5, , 1, , 5
2021-08-27, 11, 8, , 3, , 8
2021-08-28, 20, 8, , 2, , 8
2021-08-29, 17, 7, , 2, , 7
2021-08-30, 21, 9, , 2, , 9
2021-08-31, 24, 7, , 1, , 7
2021-09-01, 13, 7, , 1, , 7
2021-09-02, 15, 6, , 1, , 6
2021-09-03, 14, 7, , , , 7
2021-09-04, 18, 7, , 1, , 7
2021-09-05, 13, 8, , 1, , 8
2021-09-06, 12, 7, , 1, , 7
2021-09-07, 13, 8, , 1, , 8
2021-09-08, 15, 9, , 2, , 9
2021-09-09, 28, 7, , 2, , 7
2021-09-10, 10, 6, , 1, , 6
2021-09-11, 15, 4, , 1, , 4
2021-09-12, 17, 6, , 1, , 6
2021-09-13, 26, 8, , 1, , 8
2021-09-14, 24, 6, , 1, , 6
2021-09-15, 12, 7, , 1, , 7
2021-09-16, 13, 7, , 1, , 7
2021-09-17, 26, 6, , 5, , 6
2021-09-18, 15, 5, , 2, , 5
2021-09-19, 17, 6, , 1, , 6
2021-09-20, 16, 43, , 1, , 43
2021-09-21, 20, 885, , 2, , 885
2021-09-22, 170, 130, , 1, , 170
2021-09-23, 12, 9, , 1, , 9
2021-09-24, 13, 6, , 1, , 6
2021-09-25, 12, 9, , 1, , 9
2021-09-26, 59, 21, , 1, , 59
2021-09-27, 104, 8, , 1, , 8
2021-09-28, 23, 11, , 2, , 23
2021-09-29, 19, 9, , 1, , 9
2021-09-30, 33, 11, , 2, , 33
2021-04-01, 24, 22, 9, , , 9
2021-04-02, 20, 11, 8, 1, , 8
2021-04-03, 12, 13, 3, , , 3
2021-04-04, 46, 14, 5, , , 5
2021-04-05, 46, 39, 11, 1, , 46
2021-04-06, 101, 16, 11, 6, , 6
2021-04-07, 34, 11, 9, 1, , 9
2021-04-08, 40, 27, 15, 1, , 40
2021-04-09, 75, 29, 12, 11, , 75
2021-04-10, 59, 5, 4, 1, , 59
2021-04-11, 14, 25, 5, , , 5
2021-04-12, 49, 34, 8, 12, , 8
2021-04-13, 69, 22, 8, , , 8
2021-04-14, 54, 5, 4, , , 54
2021-04-15, 11, 12, 8, , , 8
2021-04-16, 20, 17, 6, , , 6
2021-04-17, 24, 17, 6, 8, , 8
2021-04-18, 46, 16, 11, 3, , 46
2021-04-19, 41, 152, 17, , , 41
2021-04-20, 126, 30, 12, , , 30
2021-04-21, 45, 12, 4, , , 45
2021-04-22, 19, 17, 5, , , 5
2021-04-23, 28, 15, 3, , , 3
2021-04-24, 33, 13, 4, , , 4
2021-04-25, 32, 29, 11, 3, , 32
2021-04-26, 77, 38, 17, 1, , 77
2021-04-27, 68, 27, 8, , , 8
2021-04-28, 85, 31, 14, 14, , 85
2021-04-29, 73, 30, 14, 4, , 73
2021-04-30, 84, 14, 5, , , 84
2021-05-01, 48, 8, 3, , , 8
2021-05-02, 42, 20, 9, , , 9
2021-05-03, 80, 31, 13, 1, , 80
2021-05-04, 85, 17, 9, 1, , 9
2021-05-05, 55, 14, 7, 1, , 7
2021-05-06, 58, 13, 7, 1, , 7
2021-05-07, 46, 11, 4, , , 46
2021-05-08, 47, 23, 3, , , 47
2021-05-09, 84, 14, 7, , , 84
2021-05-10, 51, 13, 9, 1, , 9
2021-05-11, 46, 16, 16, 3, , 46
2021-05-12, 51, 10, 6, 2, , 6
2021-05-13, 27, 10, 5, 2, , 5
2021-05-14, 35, 25, 6, 1, , 6
2021-05-15, 46, 11, 3, , , 46
2021-05-16, 39, 8, 5, , , 8
2021-05-17, 32, 11, 9, 1, , 9
2021-05-18, 36, 12, 9, 6, , 9
2021-05-19, 36, 21, 13, 17, , 36
2021-05-20, 68, 16, 8, 4, , 8
2021-05-21, 62, 9, 2, 4, , 9
2021-05-22, 33, 9, 7, 1, , 9
2021-05-23, 30, 8, 3, 1, , 8
2021-05-24, 15, 17, 4, , , 4
2021-05-25, 55, 42, 3, , , 55
2021-05-26, 80, 62, 4, 1, , 80
2021-05-27, 83, 54, 4, , , 83
2021-05-28, 119, 15, 3, , , 3
2021-05-29, 25, 7, 5, , , 7
2021-05-30, 19, 9, 4, , , 9
2021-05-31, 27, 9, 6, , , 9
2021-06-01, 37, 10, 13, 3, , 37
2021-06-02, 40, 32, 5, , , 5
2021-06-03, 53, 12, 6, , , 6
2021-06-04, 19, 8, 4, , , 8
2021-06-05, 10, 6, 2, , , 6
2021-06-06, 10, 9, 12, 2, , 9
2021-06-07, 20, 16, 13, 2, , 20
2021-06-08, 45, 10, 6, 2, , 6
2021-06-09, 28, 7, 6, , , 7
2021-06-10, 12, 13, 7, 1, , 7
2021-06-11, 70, 11, 3, , , 70
2021-06-12, 29, 4, 2, , , 4
2021-06-13, 10, 7, 7, 1, , 7
2021-06-14, 32, 10, 4, , , 4
2021-06-15, 56, 15, 9, 1, , 9
2021-06-16, 56, 7, 4, 1, , 7
2021-06-17, 26, 9, 10, 5, , 9
2021-06-18, 32, 10, 4, 3, , 4
2021-06-19, 30, 8, 3, 1, , 8
2021-06-20, 20, 6, 5, 1, , 6
2021-06-21, 10, 11, 13, 1, , 13
2021-06-22, 16, 9, 8, 1, , 9
2021-06-23, 33, 11, 13, 2, , 33
2021-06-24, 33, 10, 7, 1, , 7
2021-06-25, 22, 23, 5, 6, , 6
2021-06-26, 43, 18, 6, 24, , 6
2021-06-27, 41, 13, 12, 1, , 41
2021-06-28, 31, 11, 6, 1, , 6
2021-06-29, 30, 11, 10, 8, , 8
2021-06-30, 19, 9, 14, 1, , 9
2021-01-04, 60, 12, 33, 3, , 60
2021-01-05, 24, 17, 13, 3, , 3
2021-01-06, 103, 29, 20, 3, , 3
2021-01-07, 57, 11, 12, 3, , 57
2021-01-08, 19, 23, 15, 3, , 3
2021-01-09, 54, 10, 31, 3, , 54
2021-01-10, 24, 11, 42, 4, , 42
2021-01-11, 24, 8, 8, 3, , 8
2021-01-12, 29, 5, 9, 3, , 9
2021-01-13, 12, 11, 11, 3, , 3
2021-01-14, 13, 6, 7, 3, , 7
2021-01-15, 10, 5, 8, 3, , 8
2021-01-16, 10, 8, 9, 3, , 9
2021-01-17, 10, 5, 9, 3, , 9
2021-01-18, 12, 14, 9, 3, , 9
2021-01-19, 38, 35, 17, 3, , 38
2021-01-20, 80, 27, 9, 3, , 9
2021-01-21, 70, 46, 9, 3, , 9
2021-01-22, 84, 24, 6, 3, , 84
2021-01-23, 82, 16, 7, 3, , 82
2021-01-24, 42, 58, 8, 3, , 8
2021-01-25, 139, 51, 8, 3, , 8
2021-01-26, 165, 18, 8, 3, , 8
2021-01-27, 71, 27, 20, 3, , 71
2021-01-28, 59, 17, 27, 4, , 59
2021-01-29, 35, 12, 17, 4, , 4
2021-01-30, 20, 6, 5, 3, , 6
2021-01-31, 16, 13, 9, 3, , 9
2021-02-01, 233, 154, 5, 3, , 5
2021-02-02, 53, 17, 5, 3, , 53
2021-02-03, 49, 20, 6, 3, , 6
2021-02-04, 61, 12, 6, 3, , 61
2021-02-05, 43, 13, 4, 3, , 43
2021-02-06, 48, 8, 4, 3, , 8
2021-02-07, 31, 11, 5, 3, , 5
2021-02-08, 33, 22, 11, 3, , 33
2021-02-09, 48, 9, 12, 3, , 9
2021-02-10, 13, 7, 8, 3, , 8
2021-02-11, 11, 9, 5, 3, , 9
2021-02-12, 20, 7, 5, 3, , 7
2021-02-13, 33, 5, 5, 3, , 5
2021-02-14, 17, 5, 9, 3, , 9
2021-02-15, 12, 8, 19, 3, , 8
2021-02-16, 14, 11, 25, 4, , 4
2021-02-17, 25, 8, 21, 3, , 8
2021-02-18, 16, 27, 20, 3, , 3
2021-02-19, 72, 15, 18, 3, , 72
2021-02-20, 28, 12, 17, 3, , 3
2021-02-21, 15, 8, 21, 3, , 8
2021-02-22, 13, 10, 11, 3, , 3
2021-02-23, 35, 36, 39, 4, , 4
2021-02-24, 73, 10, 19, 3, , 73
2021-02-25, 20, 12, 11, 3, , 3
2021-02-26, 19, 15, 6, 3, , 6
2021-02-27, 26, 14, 8, 4, , 8
2021-02-28, 25, 22, 20, 4, , 4
2021-03-01, 27, 8, 11, 3, , 8
2021-03-02, 10, 7, 6, 3, , 7
2021-03-03, 11, 19, 10, 3, , 3
2021-03-04, 25, 20, 8, 3, , 8
2021-03-05, 18, 31, 13, 3, , 31
2021-03-06, 70, 15, 9, 3, , 9
2021-03-07, 28, 18, 16, 3, , 3
2021-03-08, 51, 16, 17, 3, , 51
2021-03-09, 49, 7, 11, 3, , 7
2021-03-10, 9, 13, 9, 3, , 9
2021-03-11, 37, 32, 13, 3, , 37
2021-03-12, 77, 42, 15, 3, , 77
2021-03-13, 93, 40, 12, 4, , 93
2021-03-14, 81, 6, 5, 3, , 81
2021-03-15, 12, 14, 10, 4, , 4
2021-03-16, 14, 9, 8, 3, , 9
2021-03-17, 14, 7, 9, 3, , 9
2021-03-18, 12, 7, 11, 3, , 7
2021-03-19, 17, 11, 12, 3, , 3
2021-03-20, 15, 15, 5, , , 5
2021-03-21, 16, 13, 13, 10, , 16
2021-03-22, 29, 14, 14, 19, , 29
2021-03-23, 19, 15, 19, 4, , 4
2021-03-24, 27, 13, 13, 1, , 27
2021-03-25, 25, 17, 10, , , 25
2021-03-26, 51, 34, 5, , , 51
2021-03-27, 102, 7, 7, , , 7
2021-03-28, 9, 19, 9, , , 9
2021-03-29, 47, 36, 14, , , 47
2021-03-30, 84, 41, 23, 3, , 84
2021-03-31, 79, 19, 10, , , 79
2020-10-01, 10, 8, 13, 2, , 8
2020-10-02, 9, 10, 18, 2, , 9
2020-10-03, 8, 7, 14, 2, , 8
2020-10-04, 9, 13, 19, 3, , 9
2020-10-05, 9, 6, 20, 2, , 9
2020-10-06, 8, 6, 17, 2, , 8
2020-10-07, 7, 7, 15, 2, , 7
2020-10-08, 7, 9, 10, 2, , 9
2020-10-09, 9, 14, 18, 3, , 9
2020-10-10, 13, 10, 13, 2, , 2
2020-10-11, 20, 10, 15, 2, , 20
2020-10-12, 19, 4, 12, 2, , 4
2020-10-13, 6, 5, 10, 2, , 6
2020-10-14, 11, 9, 11, 2, , 9
2020-10-15, 14, 20, 16, 2, , 20
2020-10-16, 15, 14, 17, 3, , 3
2020-10-17, 10, 9, 10, 2, , 9
2020-10-18, 17, 20, 16, 2, , 20
2020-10-19, 10, 25, 19, 3, , 3
2020-10-20, 11, 9, 15, 2, , 9
2020-10-21, 6, 4, 12, 2, , 6
2020-10-22, 3, 17, 12, 2, , 3
2020-10-23, 15, 9, 11, 2, , 9
2020-10-24, 7, 13, 10, 2, , 7
2020-10-25, 13, 8, 15, 2, , 8
2020-10-26, 6, 26, 10, 2, , 6
2020-10-27, 14, 50, 10, 2, , 50
2020-10-28, 33, 39, 12, 2, , 39
2020-10-29, 26, 6, 11, 2, , 6
2020-10-30, 8, 8, 11, 2, , 8
2020-10-31, 14, 6, 11, 2, , 6
2020-11-01, 7, 8, 15, 2, , 8
2020-11-02, 9, 16, 14, 2, , 9
2020-11-03, 22, 17, 14, 2, , 22
2020-11-04, 33, 23, 10, 2, , 33
2020-11-05, 44, 15, 13, 3, , 44
2020-11-06, 29, 11, 9, 3, , 9
2020-11-07, 22, 10, 13, 3, , 3
2020-11-08, 21, 5, 9, 2, , 9
2020-11-09, 6, 8, 17, 2, , 8
2020-11-10, 15, 5, 20, 2, , 5
2020-11-11, 10, 4, 10, 2, , 4
2020-11-12, 5, 6, 17, 2, , 6
2020-11-13, 8, 7, 20, 2, , 8
2020-11-14, 7, 3, 12, 2, , 7
2020-11-15, 3, 83, 12, 2, , 83
2020-11-16, 12, 28, 16, 2, , 28
2020-11-17, 64, 67, 27, 4, , 67
2020-11-18, 120, 16, 23, 3, , 3
2020-11-19, 52, 6, 12, 2, , 6
2020-11-23, 23, 9, 36, 4, , 9
2020-11-24, 20, 5, 22, 3, , 5
2020-11-25, 15, 15, 11, 3, , 3
2020-11-26, 28, 15, 13, 3, , 3
2020-11-27, 29, 13, 12, 3, , 3
2020-11-28, 18, 6, 13, 3, , 6
2020-11-29, 14, 7, 17, 3, , 7
2020-11-30, 12, 13, 11, 2, , 2
2020-12-01, 36, 14, 10, 2, , 36
2020-12-02, 41, 24, 7, 3, , 7
2020-12-03, 110, 33, 11, 3, , 33
2020-12-04, 115, 32, 16, 3, , 32
2020-12-05, 71, 6, 7, 3, , 71
2020-12-06, 15, 4, 8, 3, , 8
2020-12-07, 9, 5, 16, 3, , 9
2020-12-08, 9, 9, 17, 3, , 9
2020-12-09, 21, 3, 12, 3, , 3
2020-12-10, 12, 5, 9, 2, , 9
2020-12-11, 29, 4, 9, 3, , 9
2020-12-12, 166, 6, 8, 3, , 8
2020-12-16, 137, 36, 22, 3, , 36
2020-12-17, 520, 14, 10, 3, , 520
2020-12-18, 37, 23, 23, 4, , 4
2020-12-19, 70, 15, 10, 3, , 70
2020-12-20, 43, 39, 21, 3, , 43
2020-12-21, 89, 35, 24, 3, , 89
2020-12-22, 66, 12, 30, 4, , 66
2020-12-23, 19, 5, 8, 3, , 8
2020-12-24, 9, 12, 5, 3, , 9
2020-12-25, 38, 8, 17, 3, , 8
2020-12-26, 17, 9, 5, 3, , 9
2020-12-27, 15, 10, 9, 3, , 9
2020-12-28, 27, 12, 24, 3, , 3
2020-12-29, 22, 10, 35, 3, , 35
2020-12-30, 20, 18, 22, 4, , 4
2020-12-31, 237, 69, 15, 4, , 69
2021-01-01, 601, 4, 7, 3, , 7
2021-01-02, 282, 4, 5, 3, , 5
2021-01-03, 184, 13, 13, 4, , 4
2020-08-03, 11, 7, 3, 1, , 7
2020-08-04, 14, 6, 2, 1, , 6
2020-08-05, 9, 7, 2, 1, , 9
2020-08-06, 10, 8, 5, 1, , 8
2020-08-07, 12, 7, 2, 2, , 7
2020-08-08, 9, 3, , 2, , 9
2020-08-09, 4, 5, 1, 2, , 5
2020-08-10, 4, 5, 2, 2, , 5
2020-08-11, 6, 10, 6, 2, , 6
2020-08-12, 13, 8, 6, 2, , 8
2020-08-13, 12, 12, 5, 2, , 5
2020-08-14, 19, 5, 2, 2, , 5
2020-08-15, 5, 7, 1, 2, , 7
2020-08-16, 11, 11, 4, 2, , 4
2020-08-17, 15, 14, 6, 2, , 6
2020-08-18, 29, 9, 8, 2, , 9
2020-08-19, 16, 9, 5, 1, , 9
2020-08-20, 11, 10, 7, 2, , 7
2020-08-21, 11, 9, 5, 1, , 9
2020-08-22, 11, 9, 7, 2, , 9
2020-08-23, 11, 10, 10, 2, , 2
2020-08-24, 12, 9, 7, 2, , 9
2020-08-25, 15, 8, 9, 2, , 9
2020-08-26, 7, 8, 7, 2, , 8
2020-08-27, 9, 8, 9, 2, , 9
2020-08-28, 12, 7, 4, 2, , 7
2020-08-29, 14, 3, , 1, , 3
2020-08-30, 5, , 1, 2, , 5
2020-08-31, 11, 7, 12, 1, , 7
2020-09-01, 11, 4, 10, 1, , 4
2020-09-02, 6, 6, 10, 1, , 6
2020-09-03, 8, 10, 7, 1, , 8
2020-09-04, 13, 7, 13, 2, , 7
2020-09-05, 7, 3, 9, 1, , 9
2020-09-06, 3, 8, 12, 1, , 8
2020-09-07, 11, 5, 11, 1, , 5
2020-09-08, 4, 8, 16, 2, , 8
2020-09-09, 11, 6, 11, 1, , 6
2020-09-10, 8, 6, 11, 1, , 8
2020-09-11, 5, 5, 11, 1, , 5
2020-09-12, 4, 4, 9, 1, , 9
2020-09-13, 2, 5, 12, 2, , 5
2020-09-14, 5, 7, 16, 2, , 7
2020-09-15, 9, 7, 11, 2, , 9
2020-09-16, 15, 12, 13, 2, , 2
2020-09-17, 25, 14, 13, 2, , 25
2020-09-18, 29, 19, 9, 2, , 9
2020-09-19, 44, 10, 8, 2, , 8
2020-09-20, 20, 12, 14, 2, , 20
2020-09-21, 21, 8, 12, 2, , 8
2020-09-22, 9, 17, 12, 1, , 9
2020-09-23, 6, 8, 10, 2, , 8
2020-09-24, 8, 9, 12, 2, , 9
2020-09-25, 13, 5, 9, 2, , 9
2020-09-26, 8, 7, 13, 2, , 8
2020-09-27, 12, 9, 15, 2, , 9
2020-09-28, 8, 7, 16, 2, , 8
2020-09-29, 8, 9, 19, 2, , 9
2020-09-30, 8, 7, 15, 2, , 8
2020-04-01, 75, 14, 4, , , 75
2020-04-02, 40, 28, 4, , , 40
2020-04-03, 83, 50, , 1, , 83
2020-01-01, 76, 7, 9, 2, , 9
2020-01-02, 13, 8, 18, 2, , 8
2020-01-03, 18, 8, 4, 1, , 8
2020-01-04, 29, 12, 7, 2, , 7
2020-01-05, 15, 12, 14, 2, , 2
2020-01-06, 23, 10, 4, 1, , 4
2020-01-07, 14, 18, 10, 1, , 18
2020-01-08, 32, 12, 8, 2, , 8
2020-01-09, 20, 8, 4, 1, , 8
2020-01-10, 8, 13, 11, 2, , 8
2020-01-11, 19, 3, 1, 1, , 3
2020-01-12, 7, 7, 7, 1, , 7
2020-01-13, 12, 10, 3, 1, , 3
2020-01-14, 10, 13, 40, 3, , 40
2020-01-15, 24, 9, 15, 2, , 9
2020-01-16, 12, 12, 38, 2, , 38
2020-01-17, 24, 8, 27, 2, , 8
2020-01-18, 10, 19, 3, 2, , 3
2020-01-19, 36, 15, 6, 2, , 6
2020-01-20, 15, 9, 17, 1, , 9
2020-01-21, 7, 8, 8, 2, , 8
2020-01-22, 15, 54, 4, 1, , 54
2020-01-23, 19, 13, 13, 1, , 19
2020-01-24, 16, 8, 8, 1, , 8
2020-01-25, 11, 5, 3, 2, , 5
2020-01-26, 8, 3, 5, 2, , 8
2020-01-27, 6, 5, 20, 2, , 6
2020-01-28, 14, 7, 35, 5, , 7
2020-01-29, 17, 7, 32, 1, , 7
2020-01-30, 17, 8, 39, 1, , 8
2020-01-31, 18, 5, 26, , , 5
2020-02-01, 13, 3, 14, , , 3
2020-02-02, 9, 7, 28, 1, , 9
2020-02-03, 17, 44, 11, , , 44
2020-02-04, 12, 3, 40, 4, , 40
2020-02-05, 8, 14, 4, 3, , 8
2020-02-06, 27, 9, 2, 2, , 9
2020-02-07, 19, 9, 5, 2, , 9
2020-02-08, 12, 8, 24, 2, , 8
2020-02-09, 18, 5, 3, 1, , 5
2020-02-10, 11, 19, 15, 1, , 19
2020-02-11, 33, 29, 19, 1, , 33
2020-02-12, 53, 10, 2, , , 53
2020-02-13, 49, 2, 1, , , 49
2020-02-14, 17, , , , , 17
2020-02-16, 7, 16, 9, , , 9
2020-02-17, 36, 31, 22, , , 36
2020-02-18, 48, 4, 7, , , 7
2020-02-19, 8, 7, 11, , , 8
2020-02-20, 16, 42, 16, , , 42
2020-02-21, 88, 43, 21, , , 88
2020-02-22, 65, 10, 7, , , 7
2020-02-23, 23, 8, 20, , , 8
2020-02-24, 10, 9, 19, , , 9
2020-02-25, 19, 8, 3, , , 8
2020-02-26, 32, 8, 2, , , 8
2020-02-27, 59, 3, 2, , , 59
2020-02-28, 7, 81, 24, , , 81
2020-02-29, 130, 13, 1, , , 130
2020-03-01, 204, 9, 2, , , 9
2020-03-05, 11, 6, 12, 1, , 6
2020-03-06, 16, 14, 3, , , 3
2020-03-07, 16, 36, 11, , , 36
2020-03-08, 26, 13, 2, , , 26
2020-03-09, 16, 12, 2, , , 2
2020-03-10, 18, 11, 7, , , 7
2020-03-11, 15, 21, 12, , , 21
2020-03-12, 29, 4, 10, , , 4
2020-03-13, 16, 7, 10, , , 7
2020-03-14, 10, 18, 6, , , 6
2020-03-15, 20, 7, 10, , , 7
2020-03-16, 16, 6, 7, 1, , 7
2020-03-17, 17, 4, 4, , , 4
2020-03-18, 9, 12, 8, , , 9
2020-03-19, 20, 4, 2, , , 4
2020-03-20, 14, 5, 5, , , 5
2020-03-26, 11, 14, 5, , , 5
2020-03-27, 12, 24, 8, 1, , 8
2019-10-01, 21, 5, , , , 5
2019-10-02, 11, 4, , , , 4
2019-10-03, 7, 25, , , , 7
2019-10-04, 15, 5, , , , 5
2019-10-05, 9, 13, , , , 9
2019-10-06, 29, 5, , , , 5
2019-10-07, 5, 13, , 2, , 5
2019-10-08, 10, 8, , 1, , 8
2019-10-09, 9, 49, 7, , , 9
2019-10-10, 9, 6, 11, 1, , 9
2019-10-11, 7, 3, 3, 1, , 7
2019-10-12, 5, 5, 3, , , 5
2019-10-13, 11, 4, 2, 1, , 4
2019-10-14, 6, 6, 2, , , 6
2019-10-15, 6, 11, 16, 3, , 6
2019-10-16, 10, 26, 25, 2, , 26
2019-10-17, 24, 24, 25, 2, , 25
2019-10-18, 19, 8, 18, 2, , 8
2019-10-19, 12, 81, 6, 2, , 81
2019-10-20, 9, 11, 11, 1, , 9
2019-10-21, 10, 9, 8, 1, , 9
2019-10-22, 10, 9, 6, 1, , 9
2019-10-23, 10, 18, 5, 1, , 5
2019-10-24, 18, 13, 7, 2, , 7
2019-10-25, 13, 29, 21, 1, , 29
2019-10-26, 16, 18, 34, 2, , 34
2019-10-27, 18, 13, 37, 2, , 37
2019-10-28, 14, 9, 16, 2, , 9
2019-10-29, 17, 7, 15, 1, , 7
2019-10-30, 9, 10, 22, 2, , 9
2019-10-31, 7, 15, 17, 2, , 7
2019-11-01, 15, 20, 12, 1, , 20
2019-11-02, 14, 23, 8, 2, , 8
2019-11-03, 17, 14, 19, 2, , 2
2019-11-04, 19, 6, 16, 1, , 6
2019-11-05, 8, 5, 11, 1, , 8
2019-11-06, 6, 6, 10, 1, , 6
2019-11-07, 10, 6, 3, 1, , 6
2019-11-08, 10, 5, 6, 1, , 6
2019-11-09, 7, 7, 2, 1, , 7
2019-11-10, 10, 7, 12, 1, , 7
2019-11-11, 10, 5, 9, 1, , 9
2019-11-12, 8, 39, 33, 3, , 8
2019-11-13, 25, 22, 32, 2, , 32
2019-11-14, 18, 14, 19, 2, , 2
2019-11-15, 24, 11, 14, 1, , 24
2019-11-16, 22, 7, 16, 2, , 7
2019-11-17, 13, 3, 2, 1, , 3
2019-11-18, 7, 4, 4, 1, , 7
2019-11-19, 4, 7, 6, 1, , 7
2019-11-20, 11, 4, 4, 1, , 4
2019-11-21, 6, 9, 16, 1, , 9
2019-11-22, 12, 23, 21, 2, , 23
2019-11-23, 20, 33, 42, 3, , 42
2019-11-24, 16, 18, 54, 5, , 54
2019-11-25, 19, 16, 51, 4, , 51
2019-11-26, 16, 16, 47, 4, , 47
2019-11-27, 16, 16, 44, 3, , 44
2019-11-28, 20, 12, 35, 2, , 35
2019-11-29, 22, 10, 25, 2, , 25
2019-11-30, 12, 5, 13, 1, , 5
2019-12-01, 6, 4, 4, 1, , 6
2019-12-02, 5, 16, 12, 1, , 5
2019-12-03, 30, 11, 19, 2, , 30
2019-12-04, 19, 19, 58, 5, , 58
2019-12-05, 18, 14, 38, 2, , 38
2019-12-06, 17, 6, 3, 1, , 6
2019-12-07, 8, 10, 18, 2, , 8
2019-12-08, 13, 4, 11, 1, , 4
2019-12-09, 11, 6, 7, 1, , 7
2019-12-10, 15, 8, 7, 1, , 8
2019-12-11, 19, 7, 19, 2, , 7
2019-12-12, 11, 7, 17, 2, , 7
2019-12-13, 11, 27, 49, 3, , 49
2019-12-14, 12, 6, 25, 2, , 6
2019-12-15, 11, 6, 19, 1, , 6
2019-12-16, 7, 6, 15, 2, , 7
2019-12-17, 9, 8, 16, 1, , 9
2019-12-18, 8, 7, 29, 2, , 8
2019-12-19, 8, 8, 12, 1, , 8
2019-12-20, 9, 6, 7, 1, , 9
2019-12-25, 10, 3, 5, 2, , 5
2019-12-26, 14, 10, 17, 2, , 2
2019-12-27, 12, 8, 12, 1, , 8
2019-12-28, 9, 4, 5, 1, , 9
2019-12-29, 7, , , , , 7
2019-07-01, 8, 9, 1, 2, , 9
2019-07-02, 8, 6, 1, 1, , 8
2019-07-03, 9, 4, , 1, , 9
2019-07-04, 12, 6, , 1, , 6
2019-07-05, 7, 6, 1, 1, , 7
2019-07-06, 9, 6, 2, 3, , 9
2019-07-07, 10, 10, , 1, , 10
2019-07-08, 15, 7, , 1, , 7
2019-07-09, 13, 32, 1, 1, , 32
2019-07-10, 39, 15, 1, 1, , 39
2019-07-11, 23, 10, 1, 2, , 23
2019-07-12, 19, 5, 1, 1, , 5
2019-07-13, 15, 2, , 1, , 2
2019-07-14, 5, 4, , 1, , 5
2019-07-15, 8, 117, , 1, , 8
2019-07-16, 8, 7, 1, 3, , 8
2019-07-17, 13, 7, , 1, , 7
2019-07-18, 10, 8, , 1, , 8
2019-07-19, 11, 4, , 1, , 4
2019-07-20, 6, 4, , 1, , 6
2019-07-21, 10, 7, 1, 2, , 7
2019-07-22, 7, 8, 1, 1, , 8
2019-07-23, 12, 6, 1, 1, , 6
2019-07-24, 9, 7, 1, 1, , 9
2019-07-25, 9, 7, 1, 2, , 9
2019-07-26, 10, 5, , 1, , 5
2019-07-27, 10, 2, 1, , , 2
2019-07-28, 6, 10, 1, 2, , 6
2019-07-29, 4, 17, 1, 1, , 4
2019-07-30, 14, 27, 2, 2, , 27
2019-07-31, 35, 31, 1, 2, , 35
2019-08-01, 52, 13, 1, 1, , 52
2019-08-02, 28, 11, 1, 1, , 28
2019-08-03, 33, 9, , 2, , 9
2019-08-04, 29, 8, 1, 1, , 8
2019-08-05, 23, 6, 1, 2, , 6
2019-08-06, 15, 6, 1, 1, , 6
2019-08-07, 11, 7, 2, 1, , 7
2019-08-08, 11, 6, 2, 1, , 6
2019-08-09, 6, 10, 3, 1, , 6
2019-08-10, 8, 7, 1, 2, , 8
2019-08-11, 7, 8, 1, 1, , 8
2019-08-12, 26, 3, 3, 1, , 3
2019-08-13, 38, 3, 3, 1, , 38
2019-08-14, 97, 5, 4, 1, , 97
2019-08-15, 6, 13, 5, 1, , 6
2019-08-16, 13, 4, 2, , , 4
2019-08-17, 7, 8, 3, 1, , 8
2019-08-18, 12, 6, 4, 1, , 6
2019-08-19, 11, 39, 2, 1, , 39
2019-08-20, 47, 23, 3, 1, , 47
2019-08-21, 26, 11, 5, 3, , 5
2019-08-22, 13, 4, 4, 1, , 4
2019-08-23, 9, 5, 3, , , 9
2019-08-24, 11, 3, 1, , , 3
2019-08-25, 7, 3, 3, 1, , 7
2019-08-26, 12, 3, 1, 1, , 3
2019-08-27, 11, 1, 2, 1, , 2
2019-08-28, 7, 2, , , , 7
2019-08-29, 5, 4, , , , 5
2019-08-30, 5, 8, , , , 8
2019-08-31, 5, 2, , , , 5
2019-09-01, 7, 4, , , , 7
2019-09-02, 6, 5, , 1, , 6
2019-09-03, 7, 5, , , , 7
2019-09-04, 9, 3, , , , 9
2019-09-05, 11, 5, , , , 5
2019-09-06, 8, 3, , , , 8
2019-09-07, 4, 5, , , , 5
2019-09-08, 12, 5, , , , 5
2019-09-09, 9, 2, , , , 9
2019-09-10, 7, 4, , , , 7
2019-09-11, 9, 5, , , , 9
2019-09-12, 11, 10, , , , 11
2019-09-13, 22, 4, , , , 4
2019-09-14, 10, 6, , , , 6
2019-09-15, 17, 7, , , , 7
2019-09-16, 17, 3, , , , 3
2019-09-17, 9, 2, , , , 9
2019-09-18, 5, 5, , , , 5
2019-09-19, 6, 7, , , , 7
2019-09-20, 14, 15, , , , 15
2019-09-23, 13, 8, , , , 8
2019-09-24, 15, 5, , , , 5
2019-09-25, 6, 8, , , , 8
2019-09-26, 6, 11, , , , 6
2019-09-27, 10, 7, , , , 7
2019-09-28, 7, 9, , 1, , 9
2019-09-29, 8, 14, , 2, , 8
2019-09-30, 21, 12, , 1, , 21
2019-04-01, 16, 11, 8, , , 8
2019-04-02, 21, 17, 6, , , 6
2019-04-03, 28, 5, 6, , , 6
2019-04-04, 14, 28, 8, , , 8
2019-04-05, 26, 37, 4, , , 4
2019-04-06, 35, 34, 2, , , 35
2019-04-07, 41, 30, 5, , , 5
2019-04-08, 28, 30, 5, , , 5
2019-04-09, 25, 49, 5, , , 5
2019-04-10, 53, 172, 5, , , 53
2019-04-11, 28, 51, 3, , , 51
2019-04-12, 45, 10, 1, , , 45
2019-04-13, 22, 29, 1, , , 29
2019-04-14, 48, 9, 8, , , 9
2019-04-15, 24, 9, 3, , , 9
2019-04-16, 16, 5, 9, , , 9
2019-04-17, 13, 6, 2, , , 6
2019-04-18, 6, 8, 1, , , 8
2019-04-19, 16, 15, 1, , , 16
2019-04-20, 30, 27, 2, , , 30
2019-04-21, 49, 21, 5, , , 5
2019-04-22, 20, 6, 5, , , 6
2019-04-23, 10, 8, 12, , , 8
2019-04-24, 20, 54, 4, , , 54
2019-04-25, 80, 17, 7, , , 80
2019-04-26, 26, 35, 3, , , 35
2019-04-27, 26, 25, 1, , , 26
2019-04-28, 15, 26, 1, , , 26
2019-04-29, 31, 23, 2, , , 31
2019-04-30, 17, 13, 2, 1, , 2
2019-05-01, 15, 3, 2, 1, , 3
2019-05-02, 8, , , , , 8
2019-05-04, 19, 17, 3, , , 3
2019-05-05, 18, 22, 2, , , 22
2019-05-06, 21, 20, 2, , , 21
2019-05-07, 16, 13, 1, , , 16
2019-05-08, 14, 14, 2, , , 2
2019-05-09, 11, 14, 6, , , 6
2019-05-10, 14, 9, 5, , , 9
2019-05-11, 11, 191, 3, , , 3
2019-05-12, 15, 8, 5, , , 8
2019-05-13, 11, 36, 3, , , 36
2019-05-14, 47, 13, 5, , , 5
2019-05-15, 23, 4, 4, , , 4
2019-05-16, 12, 5, 8, , , 8
2019-05-17, 16, 5, 7, , , 7
2019-05-18, 13, 10, 6, 2, , 6
2019-05-19, 32, 5, 6, 1, , 6
2019-05-20, 11, 10, 7, 1, , 7
2019-05-21, 10, 12, 6, 2, , 6
2019-05-22, 12, 12, 6, 1, , 6
2019-05-23, 16, 14, 6, 2, , 6
2019-05-24, 27, 10, 4, 1, , 4
2019-05-25, 17, 9, 3, , , 9
2019-05-26, 12, 13, 4, 1, , 4
2019-05-27, 13, 12, 4, , , 4
2019-05-28, 13, 21, 5, 1, , 5
2019-05-29, 19, 8, 4, 1, , 8
2019-05-30, 9, 15, 8, 2, , 9
2019-05-31, 14, 21, 3, 1, , 3
2019-06-01, 23, 13, 1, , , 23
2019-06-02, 14, 28, 5, , , 5
2019-06-03, 23, 17, 5, , , 5
2019-06-04, 13, 20, 6, 1, , 6
2019-06-05, 19, 20, 8, 2, , 8
2019-06-06, 18, 14, 7, 1, , 7
2019-06-07, 14, 17, 3, , , 3
2019-06-08, 16, 11, 4, , , 4
2019-06-09, 12, 14, 2, 1, , 2
2019-06-10, 18, 18, 5, 1, , 5
2019-06-11, 26, 18, 6, , , 6
2019-06-12, 22, 14, 3, , , 3
2019-06-13, 18, 42, 4, 1, , 42
2019-06-14, 32, 26, 5, 2, , 5
2019-06-15, 23, 17, 3, 1, , 3
2019-06-16, 27, 13, 1, 1, , 27
2019-06-17, 32, 30, 2, 1, , 32
2019-06-19, 5, 8, 3, 1, , 8
2019-06-20, 7, 13, 1, 1, , 7
2019-06-21, 14, 9, 1, 2, , 9
2019-06-22, 13, 7, 2, 1, , 7
2019-06-23, 12, 9, 1, 1, , 9
2019-06-24, 10, 51, , 1, , 51
2019-06-25, 26, 9, , , , 9
2019-06-26, 27, 3, , , , 3
2019-06-27, 8, 6, , , , 8
2019-06-28, 8, 4, , 1, , 8
2019-06-29, 12, 7, , 1, , 7
2019-06-30, 11, 8, , 1, , 8
2019-03-11, 47, 36, , 6, , 6
2019-03-12, 95, 28, , 6, , 95
2019-03-13, 33, 38, , 4, , 4
2019-03-14, 42, 31, , 2, , 42
2019-03-15, 38, 22, , 1, , 38
2019-03-16, 35, 19, , 1, , 35
2019-03-17, 33, 3, , 1, , 33
2019-03-18, 27, , , 1, , 27
2019-03-19, 46, 1, , 5, , 5
2019-03-20, 60, 1, , 10, , 60
2019-03-21, 44, 1, , 2, , 44
2019-03-22, 20, 4, 6, 1, , 6
2019-03-23, 14, 14, 2, , , 2
2019-03-24, 21, 6, 7, 1, , 7
2019-03-25, 12, 37, 3, , , 37
2019-03-26, 36, 14, 1, , , 36
2019-03-27, 29, 8, 3, , , 8
2019-03-28, 17, 7, 2, , , 7
2019-03-29, 13, 5, 6, , , 6
2019-03-30, 15, 7, 4, , , 7
2019-03-31, 17, 5, 11, , , 5
2018-10-01, 12, 22, 17, , , 22
2018-10-02, 16, 13, 11, , , 16
2018-10-03, 13, 11, 10, , , 13
2018-10-04, 13, 16, 11, , , 16
2018-10-05, 12, 11, 7, , , 7
2018-10-06, 12, 12, 11, , , 12
2018-10-07, 16, 7, 8, , , 8
2018-10-08, 10, 9, 7, , , 9
2018-10-09, 10, 10, 11, , , 11
2018-10-10, 11, 9, 2, , , 9
2018-10-11, 16, 17, 8, , , 8
2018-10-12, 18, 22, 12, , , 22
2018-10-13, 15, 11, 9, , , 9
2018-10-14, 10, 15, 10, , , 15
2018-10-15, 10, 8, 11, , , 8
2018-10-16, 10, 15, 17, , , 17
2018-10-17, 11, 13, 4, , , 4
2018-10-18, 12, 18, 9, , , 9
2018-10-19, 16, 19, 3, 1, , 3
2018-10-20, 16, 21, 5, , , 5
2018-10-21, 20, 16, 14, 1, , 20
2018-10-22, 38, 17, 8, , , 8
2018-10-23, 34, 14, 10, , , 34
2018-10-24, 15, 22, 9, , , 9
2018-10-25, 13, 20, 11, 1, , 20
2018-10-26, 24, 24, 6, , , 6
2018-10-27, 25, 12, 11, , , 25
2018-10-28, 20, 11, 20, , , 20
2018-10-29, 11, 20, 21, , , 21
2018-10-30, 11, 29, 31, , , 31
2018-10-31, 19, 15, 38, 1, , 38
2018-11-01, 17, 11, 12, , , 17
2018-11-02, 14, 27, 6, , , 6
2018-11-03, 18, 14, 15, 1, , 18
2018-11-04, 13, 8, 18, , , 8
2018-11-05, 10, 7, 3, , , 7
2018-11-06, 10, 13, 14, , , 14
2018-11-07, 14, 13, 10, , , 14
2018-11-08, 20, 11, , , , 20
2018-11-09, 10, 15, , , , 15
2018-11-10, 18, 29, , 1, , 29
2018-11-11, 29, 21, , 1, , 29
2018-07-01, 6, 12, 3, 2, , 6
2018-07-02, 9, 18, 9, 2, , 9
2018-07-03, 20, 14, 7, 4, , 7
2018-07-04, 15, 25, 5, 2, , 5
2018-07-05, 12, 32, 5, 3, , 5
2018-07-06, 11, 28, 4, 2, , 4
2018-07-07, 9, 32, 1, 2, , 9
2018-07-08, 10, 16, 5, 2, , 5
2018-07-09, 23, 15, 4, 2, , 4
2018-07-10, 22, 12, 5, 2, , 5
2018-07-11, 9, 14, 11, 2, , 9
2018-07-12, 10, 7, 7, 2, , 7
2018-07-13, 7, 11, 6, 2, , 7
2018-07-14, 15, 9, 2, 2, , 9
2018-07-15, 13, 11, 3, 2, , 3
2018-07-16, 8, 10, 6, 3, , 8
2018-07-17, 22, 13, 5, 2, , 5
2018-07-18, 21, 12, 5, 3, , 5
2018-07-19, 20, 10, 5, 2, , 5
2018-07-20, 18, 9, 4, 2, , 9
2018-07-21, 9, 10, 3, 2, , 9
2018-07-22, 9, 9, 4, 3, , 9
2018-07-23, 11, 10, 5, 2, , 5
2018-07-24, 9, 9, 3, 2, , 9
2018-07-25, 11, 11, 5, 2, , 5
2018-07-26, 10, 11, 2, 2, , 2
2018-07-27, 28, 20, 4, 3, , 4
2018-07-28, 39, 20, 4, 3, , 4
2018-07-29, 61, 25, 1, 2, , 61
2018-07-30, 20, 13, 3, 2, , 3
2018-07-31, 30, 18, 2, 4, , 4
2018-08-01, 32, 13, 3, 2, , 32
2018-08-02, 17, 11, 3, 2, , 3
2018-08-03, 13, 13, 2, 3, , 3
2018-08-04, 18, 9, 1, 2, , 9
2018-08-05, 10, 14, 1, 2, , 2
2018-08-06, 7, 22, 1, 2, , 7
2018-08-07, 10, 16, 1, 2, , 2
2018-08-08, 21, 16, 2, 3, , 3
2018-08-09, 39, 8, 2, 2, , 8
2018-08-10, 23, 12, 1, 2, , 23
2018-08-11, 19, 9, 1, 2, , 9
2018-08-12, 17, 19, 2, 2, , 2
2018-08-13, 31, 12, 3, 2, , 31
2018-08-14, 17, 10, 1, 3, , 3
2018-08-15, 10, 12, 2, 3, , 3
2018-08-16, 14, 11, 2, 2, , 2
2018-08-17, 19, 10, 2, 2, , 2
2018-08-18, 24, 11, 4, 3, , 4
2018-08-21, 54, 41, 1, 2, , 54
2018-08-22, 61, 25, 1, 3, , 61
2018-08-23, 41, 60, 1, 3, , 60
2018-08-24, 30, 12, 3, 3, , 30
2018-08-25, 31, 10, 1, 3, , 31
2018-08-26, 35, 10, 1, 2, , 35
2018-08-27, 25, 8, 2, 3, , 8
2018-08-28, 41, 10, 3, 3, , 41
2018-08-29, 35, 10, 3, 2, , 35
2018-08-30, 49, 19, 2, 2, , 49
2018-08-31, 30, 22, 1, 2, , 30
2018-09-01, 35, 14, 4, 3, , 4
2018-09-02, 16, 10, 4, 21, , 4
2018-09-03, 12, 15, 7, 15, , 7
2018-09-04, 11, 11, 12, 1, , 12
2018-09-05, 15, 14, 3, , , 3
2018-09-06, 18, 27, 2, , , 27
2018-09-07, 30, 16, 3, , , 30
2018-09-08, 25, 9, 3, , , 9
2018-09-09, 12, 11, 8, , , 8
2018-09-10, 11, 12, 9, , , 9
2018-09-11, 11, 10, 5, , , 5
2018-09-12, 11, 11, 9, , , 9
2018-09-13, 15, 10, 10, 1, , 15
2018-09-14, 12, 7, 4, , , 7
2018-09-15, 11, 8, 3, , , 8
2018-09-16, 12, 12, 13, , , 13
2018-09-17, 16, 9, 9, , , 9
2018-09-18, 12, 13, 7, , , 7
2018-09-19, 13, 18, 5, , , 5
2018-09-20, 12, 11, 7, , , 7
2018-09-21, 14, 11, 14, 1, , 14
2018-09-22, 16, 10, 11, , , 16
2018-09-23, 14, 18, 6, , , 6
2018-09-24, 21, 14, 7, 1, , 7
2018-09-25, 14, 13, 14, , , 14
2018-09-26, 10, 13, 16, , , 16
2018-09-27, 10, 14, 6, , , 6
2018-09-28, 14, 13, 4, , , 4
2018-09-29, 12, 23, 11, , , 23
2018-09-30, 16, 8, 6, , , 8
2018-05-12, 31, 13, 4, 2, , 4
2018-05-13, 51, 40, 4, 2, , 51
2018-05-14, 30, 27, 11, 2, , 30
2018-05-15, 14, 21, 11, 2, , 21
2018-05-16, 22, 14, 10, 2, , 22
2018-05-17, 21, 15, 4, 2, , 4
2018-05-18, 12, 18, 7, 3, , 7
2018-05-19, 13, 9, 1, 2, , 9
2018-05-20, 19, 15, 2, 2, , 2
2018-05-21, 9, 11, 3, 2, , 9
2018-05-22, 14, 9, 3, 2, , 9
2018-05-23, 29, 29, 8, 2, , 8
2018-05-24, 26, 56, 14, 2, , 56
2018-05-25, 28, 13, 6, 2, , 6
2018-05-26, 15, 9, 9, 2, , 9
2018-05-27, 18, 15, 10, 2, , 2
2018-05-28, 9, 12, 8, 3, , 9
2018-05-29, 24, 28, 2, 2, , 28
2018-05-30, 17, 15, 9, 2, , 9
2018-05-31, 10, 9, 8, 2, , 9
2018-06-01, 19, 15, 8, 2, , 8
2018-06-02, 24, 17, 10, 3, , 3
2018-06-03, 16, 14, 5, 2, , 5
2018-06-04, 15, 12, 9, 3, , 9
2018-06-05, 35, 14, 7, 3, , 7
2018-06-06, 8, 9, 6, 2, , 9
2018-06-07, 20, 17, 12, 2, , 20
2018-06-08, 13, 11, 9, 2, , 9
2018-06-09, 8, 5, 4, 2, , 8
2018-06-10, 10, 6, 4, 2, , 6
2018-06-11, 14, 12, 12, 2, , 2
2018-06-12, 12, 10, 6, 2, , 6
2018-06-13, 13, 10, 8, 2, , 8
2018-06-14, 10, 10, 9, 2, , 9
2018-06-15, 6, 11, 5, 2, , 6
2018-06-16, 13, 7, 5, 2, , 7
2018-06-17, 15, 13, 5, 2, , 5
2018-06-18, 9, 11, 5, 2, , 9
2018-06-19, 10, 8, 7, 2, , 8
2018-06-20, 7, 12, 8, 2, , 8
2018-06-21, 14, 10, 6, 2, , 6
2018-06-22, 13, 13, 9, 2, , 9
2018-06-23, 9, 8, 5, 2, , 9
2018-06-24, 9, 7, 2, 2, , 9
2018-06-25, 16, 17, 7, 3, , 7
2018-06-26, 15, 14, 6, 3, , 6
2018-06-27, 9, 12, 12, 3, , 9
2018-06-28, 14, 8, 4, 2, , 8
2018-06-29, 12, 12, 13, 2, , 2
2018-06-30, 12, 8, 6, 2, , 8
2016-10-01, 26, 16, 1, , , 26
2016-10-02, 43, 22, 2, , , 43
2016-10-03, 42, , , , , 42
2016-10-13, 30, 19, 10, , , 30
2016-10-14, 35, 12, 13, , , 35
2016-10-15, 29, 10, 10, , , 29
2016-10-16, 29, 11, 13, , , 29
2016-10-17, 28, 11, 16, , , 28
2016-10-18, 33, 9, 2, , , 9
2016-10-19, 23, 35, 5, , , 5
2016-10-20, 60, 9, 7, , , 9
2016-10-21, 22, 10, 7, , , 7
2016-10-22, 24, 12, 7, , , 7
2016-10-23, 23, 13, 17, , , 23
2016-10-24, 28, 8, 4, , , 8
2016-10-25, 23, 12, 12, , , 23
2016-10-26, 26, 15, 15, 1, , 26
2016-10-27, 30, 17, 15, 1, , 30
2016-10-28, 33, 9, 3, , , 9
2016-10-29, 21, 11, 2, , , 21
2016-10-30, 21, 23, 23, , , 23
2016-10-31, 48, 37, 20, , , 48
2016-11-01, 52, 8, 7, , , 8
2016-11-02, 18, 11, 25, 1, , 25
2016-11-03, 27, 21, 25, 1, , 27
2016-11-04, 36, 14, 14, , , 36
2016-11-05, 24, 6, 3, , , 6
2016-11-06, 18, 6, 5, , , 6
2016-11-07, 17, 12, 11, , , 17
2016-11-08, 28, 7, 15, , , 7
2016-11-09, 20, 25, 16, , , 25
2016-11-10, 47, 7, 7, , , 7
2016-11-11, 25, 26, 7, , , 7
2016-11-12, 55, 21, 3, , , 55
2016-11-13, 35, 16, 13, , , 35
2016-11-14, 26, 16, 8, , , 8
2016-11-15, 29, 11, 14, , , 29
2016-11-16, 24, 11, 6, , , 6
2016-07-01, 35, , , , , 35
2016-07-09, 26, 52, 1, 1, , 52
2016-07-10, 28, 50, 2, 1, , 50
2016-07-11, 37, 26, 2, 2, , 37
2016-07-12, 80, 22, , 1, , 80
2016-07-13, 84, 22, , 1, , 84
2016-07-14, 125, 11, , 1, , 125
2016-07-15, 90, 12, , 2, , 90
2016-07-16, 124, 12, , 1, , 124
2016-07-17, 29, 13, , 2, , 29
2016-07-18, 46, 22, , 2, , 46
2016-07-19, 48, 23, , 2, , 48
2016-07-20, 55, 16, , 1, , 55
2016-07-21, 42, 22, , 1, , 42
2016-07-22, 25, 36, , 1, , 36
2016-07-23, 31, 37, , 1, , 37
2016-07-24, 35, 16, , 1, , 35
2016-07-25, 38, 12, , 1, , 38
2016-07-26, 43, 12, , 1, , 43
2016-07-27, 161, 13, , 1, , 161
2016-07-28, 198, 12, , 1, , 198
2016-07-29, 188, 10, , 1, , 188
2016-07-30, 39, 10, , 1, , 39
2016-07-31, 26, 12, , 2, , 26
2016-08-01, 34, 14, , 1, , 34
2016-08-02, 41, 12, , 1, , 41
2016-08-03, 50, 9, , 1, , 9
2016-08-04, 34, 11, , 2, , 34
2016-08-05, 34, 11, , 1, , 34
2016-08-06, 35, 12, , 1, , 35
2016-08-07, 37, 18, , 1, , 37
2016-08-08, 35, 14, , 1, , 35
2016-08-09, 37, 54, , 1, , 54
2016-08-10, 34, 233, , 1, , 34
2016-08-11, 21, 11, , 1, , 21
2016-08-12, 30, 13, , 1, , 30
2016-08-13, 32, 9, , 1, , 9
2016-08-14, 24, 9, , 1, , 9
2016-08-15, 17, 13, , 1, , 17
2016-08-16, 22, 12, , 1, , 22
2016-08-17, 31, 9, 336, 1, , 9
2016-08-18, 44, 13, , 2, , 44
2016-08-19, 36, 13, , 1, , 36
2016-08-20, 28, 12, , 1, , 28
2016-08-21, 30, 14, , 2, , 30
2016-08-22, 38, 14, , 1, , 38
2016-08-23, 57, 19, , 2, , 57
2016-08-24, 45, 20, , 2, , 45
2016-08-25, 52, 23, , 8, , 8
2016-08-26, 50, , , , , 50
2016-08-30, 25, 11, 7, , , 7
2016-08-31, 35, 11, 8, , , 8
2016-09-01, 30, 10, 6, , , 6
2016-09-02, 26, 12, 7, , , 7
2016-09-03, 37, 9, 3, , , 9
2016-09-04, 29, 14, 9, , , 9
2016-09-05, 38, 11, 8, , , 8
2016-09-06, 46, 8, 7, , , 8
2016-09-07, 22, 10, 9, , , 9
2016-09-08, 27, 9, 5, , , 9
2016-09-09, 20, 8, 6, , , 8
2016-09-10, 27, 7, 6, , , 7
2016-09-11, 21, 10, 5, , , 5
2016-09-12, 36, 11, 10, , , 36
2016-09-13, 28, 9, 5, , , 9
2016-09-14, 26, 6, 6, , , 6
2016-09-15, 27, 9, 8, , , 9
2016-09-16, 21, 10, 5, , , 5
2016-09-17, 24, 18, 4, , , 4
2016-09-18, 32, 12, 9, , , 9
2016-09-19, 29, 8, 9, , , 9
2016-09-20, 29, 8, 7, , , 8
2016-09-21, 27, 9, 7, , , 9
2016-09-22, 24, 7, 8, , , 8
2016-09-23, 33, 7, 6, , , 7
2016-09-24, 27, 9, 5, , , 9
2016-09-25, 23, 10, 14, , , 23
2016-09-26, 34, 11, 17, 1, , 34
2016-09-27, 34, 17, 16, 1, , 34
2016-09-28, 34, 16, 17, 1, , 34
2016-09-29, 38, 13, 18, 1, , 38
2016-09-30, 37, 7, 9, , , 9
2016-04-01, 27, 13, 2, , , 27
2016-04-02, 31, 12, 1, 1, , 31
2016-04-03, 37, 45, 6, 1, , 6
2016-04-04, 108, 44, 1, 1, , 44
2016-04-05, 126, 25, 3, 1, , 3
2016-04-06, 59, 42, 3, 1, , 59
2016-04-07, 92, 15, 1, , , 92
2016-04-08, 57, 18, 3, 1, , 57
2016-04-09, 62, 30, 5, 1, , 62
2016-04-10, 83, 38, 5, 1, , 83
2016-04-11, 98, 38, 6, 1, , 98
2016-04-12, 91, 48, 9, 1, , 91
2016-04-13, 97, 14, 3, 1, , 97
2016-04-14, 64, 36, 6, 1, , 64
2016-04-15, 89, 11, 3, 1, , 89
2016-04-16, 26, 63, 1, 1, , 63
2016-04-17, 179, 18, 3, 1, , 3
2016-04-18, 81, 11, 3, 1, , 81
2016-04-19, 35, 17, 4, 1, , 4
2016-04-20, 36, 17, 2, 1, , 36
2016-04-21, 58, 21, 4, 1, , 58
2016-04-22, 61, 15, 3, 1, , 61
2016-04-23, 25, 21, 2, 1, , 25
2016-04-24, 36, 22, 4, 1, , 4
2016-04-25, 66, 28, 4, 1, , 66
2016-04-26, 66, 27, 3, 1, , 66
2016-04-27, 119, 35, 2, 1, , 35
2016-04-28, 156, 17, 2, 1, , 2
2016-04-29, 62, 16, 4, 1, , 62
2016-04-30, 46, 8, 3, 1, , 8
2016-05-01, 26, 12, 3, 1, , 3
2016-05-02, 52, 26, 2, 1, , 52
2016-05-03, 82, 22, 3, 1, , 82
2016-05-04, 101, 23, 1, 1, , 23
2016-05-05, 92, 13, 3, 1, , 92
2016-05-06, 48, 12, 3, 1, , 48
2016-05-07, 40, 13, 2, 1, , 40
2016-05-08, 37, 17, 5, 1, , 5
2016-05-09, 50, 17, 5, 1, , 50
2016-05-10, 50, 24, 4, 1, , 50
2016-05-11, 37, 19, 4, 1, , 4
2016-05-12, 42, 22, 5, 1, , 5
2016-05-13, 45, 10, 2, 1, , 45
2016-05-14, 28, 10, 2, 1, , 28
2016-05-15, 27, 19, 1, 1, , 27
2016-05-16, 51, 21, 3, 1, , 51
2016-05-17, 66, 20, 4, 1, , 66
2016-05-18, 48, 15, 3, 1, , 48
2016-05-19, 46, 18, 4, 1, , 46
2016-05-20, 54, 15, 1, 1, , 54
2016-05-21, 59, 9, 2, 1, , 9
2016-05-22, 38, 12, 4, 1, , 4
2016-05-23, 30, 25, 1, 1, , 30
2016-05-24, 84, 16, 4, 1, , 84
2016-05-25, 40, 11, 4, 1, , 40
2016-05-26, 33, 14, 1, 1, , 33
2016-05-27, 27, 16, , 1, , 27
2016-05-28, 41, 10, 2, 1, , 41
2016-05-29, 31, 11, 2, 1, , 31
2016-05-30, 41, 15, 2, 1, , 41
2016-05-31, 54, 10, 5, 1, , 54
2016-06-01, 35, 12, 4, 1, , 4
2016-06-02, 40, 22, 5, 2, , 5
2016-06-03, 61, 17, 4, 1, , 61
2016-06-04, 67, 18, 1, 1, , 67
2016-06-05, 44, 17, 3, 2, , 44
2016-06-06, 50, 21, 3, 2, , 50
2016-06-07, 50, 35, 3, 1, , 50
2016-06-08, 63, 14, 3, 1, , 63
2016-06-09, 35, 13, 2, 1, , 35
2016-06-10, 28, 15, 1, 1, , 28
2016-06-11, 33, 18, 1, 1, , 33
2016-06-12, 42, 18, 3, 2, , 42
2016-06-13, 45, 16, 2, 2, , 45
2016-06-14, 50, 18, 3, 1, , 50
2016-06-15, 47, 11, 2, 1, , 47
2016-06-16, 33, 7, 1, 1, , 7
2016-06-17, 32, 48, , 1, , 48
2016-06-18, 86, 24, , 1, , 86
2016-06-19, 38, 23, 2, 1, , 38
2016-06-20, 55, 29, 1, 1, , 55
2016-06-21, 57, 17, 2, 2, , 57
2016-06-22, 49, 12, 3, 1, , 49
2016-06-23, 34, 9, 2, 1, , 9
2016-06-24, 24, 11, 2, 1, , 24
2016-06-25, 23, 6, 1, 1, , 6
2016-06-26, 24, 11, 1, 1, , 24
2016-06-27, 23, 12, 2, 1, , 23
2016-06-28, 40, 15, 2, 1, , 40
2016-06-29, 32, 20, 4, 2, , 4
2016-06-30, 39, 12, 3, 1, , 39
2016-01-04, 28, 8, 6, , , 8
2016-01-05, 23, 14, 1, , , 23
2016-01-06, 50, 12, , , , 50
2016-01-07, 34, 19, 1, , , 34
2016-01-08, 85, 17, 3, , , 85
2016-01-09, 54, 50, 10, 1, , 54
2016-01-10, 90, 13, 5, 1, , 90
2016-01-11, 29, 9, 7, 1, , 9
2016-01-12, 47, 11, 12, 1, , 47
2016-01-13, 34, 11, 17, 1, , 34
2016-01-14, 33, 10, 5, 1, , 5
2016-01-15, 30, 7, 3, , , 7
2016-01-16, 18, 7, 1, , , 7
2016-01-17, 22, 9, 12, 1, , 9
2016-01-18, 28, 8, 5, 1, , 8
2016-01-19, 24, 7, 2, 1, , 7
2016-01-20, 23, 12, 1, , , 23
2016-01-21, 33, 11, 5, 1, , 5
2016-01-22, 26, 15, 2, , , 26
2016-01-23, 24, 19, 1, , , 24
2016-01-24, 40, 17, 3, , , 40
2016-01-25, 32, 16, 7, 1, , 7
2016-01-26, 32, 11, 8, 1, , 8
2016-01-27, 33, 9, 5, , , 9
2016-01-28, 26, 13, 9, 1, , 9
2016-01-29, 41, 14, 9, 1, , 9
2016-01-30, 37, 9, 4, , , 9
2016-01-31, 37, 13, 9, 1, , 9
2016-02-01, 49, 23, 11, 1, , 49
2016-02-02, 45, 8, 4, , , 8
2016-02-03, 23, 6, 1, , , 6
2016-02-04, 17, 13, 5, , , 5
2016-02-05, 26, 8, 1, , , 8
2016-02-06, 28, 9, 3, , , 9
2016-02-07, 27, 20, 6, 1, , 6
2016-02-08, 55, 20, 5, 1, , 55
2016-02-09, 67, 25, 12, 1, , 67
2016-02-10, 64, 7, 7, 1, , 7
2016-02-11, 22, 10, 14, 1, , 22
2016-02-12, 32, 7, 3, , , 7
2016-02-13, 24, 11, 10, 1, , 24
2016-02-14, 31, 10, 2, , , 31
2016-02-15, 22, 19, 4, 1, , 4
2016-02-16, 54, 20, 11, 1, , 54
2016-02-17, 30, 12, 7, 1, , 7
2016-02-18, 34, 14, 9, 1, , 9
2016-02-19, 37, 10, 5, 1, , 5
2016-02-20, 27, 10, 1, 1, , 27
2016-02-21, 33, 21, 11, 1, , 33
2016-02-22, 44, 16, 16, 1, , 44
2016-02-23, 39, 10, 8, 1, , 8
2016-02-24, 27, 10, 6, 1, , 6
2016-02-25, 29, 18, 13, 1, , 29
2016-02-26, 34, 12, 8, 1, , 8
2016-02-27, 25, 8, , , , 8
2016-02-28, 17, 19, 7, 1, , 7
2016-02-29, 30, 10, 6, 1, , 6
2016-03-01, 33, 14, 9, 1, , 9
2016-03-02, 44, 17, 8, 1, , 8
2016-03-03, 53, 17, 10, 1, , 53
2016-03-04, 40, 8, 4, 1, , 8
2016-03-05, 20, 16, 6, 1, , 6
2016-03-06, 29, 13, 3, 1, , 3
2016-03-07, 22, 12, 6, 1, , 6
2016-03-08, 29, 11, 8, 1, , 8
2016-03-09, 32, 14, 4, 1, , 4
2016-03-10, 35, 15, 3, 1, , 35
2016-03-11, 34, 21, 2, 1, , 34
2016-03-12, 48, 18, , , , 48
2016-03-13, 33, 27, 5, 1, , 5
2016-03-14, 47, 30, 2, , , 47
2016-03-15, 47, 39, 2, , , 47
2016-03-16, 58, 39, 4, 1, , 58
2016-03-17, 82, 22, 3, , , 82
2016-03-18, 38, 26, 4, 1, , 4
2016-03-19, 61, 11, 3, 1, , 61
2016-03-20, 30, 18, 5, 1, , 5
2016-03-21, 31, 9, 3, 1, , 9
2016-03-22, 19, 12, 3, 1, , 3
2016-03-23, 43, 9, 1, 1, , 9
2016-03-24, 24, 15, 1, 1, , 24
2016-03-25, 66, 34, 2, 1, , 66
2016-03-26, 112, 35, 1, , , 35
2016-03-27, 113, 31, , , , 31
2016-03-28, 116, 14, 2, , , 2
2016-03-29, 64, 18, 2, 1, , 64
2016-03-30, 64, 79, 1, 1, , 79
2016-03-31, 209, 10, 2, 1, , 209
2015-10-01, 26, 11, 6, 2, , 6
2015-10-02, 32, 9, 4, 2, , 9
2015-10-03, 24, 10, 1, 2, , 24
2015-10-04, 22, 15, 4, 2, , 4
2015-10-05, 27, 11, 5, 2, , 5
2015-10-06, 29, 10, 4, 2, , 4
2015-10-07, 24, 12, 6, 2, , 6
2015-10-08, 29, 10, 8, 2, , 8
2015-10-09, 28, 9, 3, 2, , 9
2015-10-10, 22, 10, 6, 2, , 6
2015-10-11, 25, 9, 4, 2, , 9
2015-10-12, 20, 17, 9, 2, , 9
2015-10-13, 35, 11, 7, 2, , 7
2015-10-14, 28, 17, 5, 2, , 5
2015-10-15, 27, 17, 3, 2, , 3
2015-10-16, 29, 13, 1, 2, , 29
2015-10-17, 25, 15, 3, 2, , 3
2015-10-18, 28, 8, 6, 2, , 8
2015-10-19, 20, 10, 3, 2, , 3
2015-10-20, 23, 10, 6, 2, , 6
2015-10-21, 25, 8, 5, 2, , 8
2015-10-22, 19, 9, 3, 2, , 9
2015-10-23, 25, 11, 3, 2, , 3
2015-10-24, 37, 8, 4, 2, , 8
2015-10-25, 26, 26, 11, 2, , 26
2015-10-26, 63, 24, 8, 2, , 8
2015-10-27, 52, 7, 2, 2, , 7
2015-10-28, 20, 10, 1, 2, , 20
2015-10-29, 26, 14, 3, 2, , 3
2015-10-30, 27, 15, 8, 2, , 8
2015-10-31, 34, 14, 1, 2, , 34
2015-11-01, 25, 15, 3, 2, , 3
2015-11-02, 28, 15, 6, 3, , 6
2015-11-03, 37, 9, 5, 2, , 9
2015-11-04, 25, 7, 2, 1, , 7
2015-11-05, 18, 12, 4, , , 4
2015-11-06, 30, 7, 3, , , 7
2015-11-07, 23, 9, 4, , , 9
2015-11-08, 18, 9, 5, 1, , 9
2015-11-09, 24, 12, 4, , , 4
2015-11-10, 25, 10, 4, , , 4
2015-11-11, 30, 12, 5, , , 5
2015-11-12, 26, 12, 8, 1, , 8
2015-11-13, 39, 10, 8, 1, , 8
2015-11-14, 32, 11, 6, 1, , 6
2015-11-15, 30, 8, 5, , , 8
2015-11-16, 25, 14, 3, , , 3
2015-11-17, 51, 49, 9, 1, , 9
2015-11-18, 108, 33, 5, 1, , 5
2015-11-19, 108, 23, 7, , , 7
2015-11-20, 50, 38, 13, 1, , 50
2015-11-21, 43, 14, 5, , , 5
2015-11-22, 28, 18, 2, , , 28
2015-11-23, 30, 18, 9, 1, , 9
2015-11-24, 33, 19, 6, 1, , 6
2015-11-25, 25, 16, 5, , , 5
2015-11-26, 32, 13, 9, 1, , 9
2015-11-27, 31, 10, 8, 1, , 8
2015-11-28, 34, 9, 10, 1, , 9
2015-11-29, 26, 14, 12, 1, , 26
2015-11-30, 36, 8, 5, , , 8
2015-12-01, 17, 9, 12, 1, , 9
2015-12-02, 31, 7, 7, 1, , 7
2015-12-03, 22, 9, 7, 1, , 9
2015-12-04, 35, 11, 1, , , 35
2015-12-05, 33, 15, 8, 1, , 8
2015-12-06, 32, 7, 2, , , 7
2015-12-07, 14, , , , , 14
2015-12-19, 45, 15, 11, 1, , 45
2015-12-20, 35, 8, 2, , , 8
2015-12-21, 24, 16, 10, 1, , 24
2015-12-22, 36, 15, 11, 1, , 36
2015-12-23, 30, 9, 4, , , 9
2015-12-24, 30, 17, 7, , , 7
2015-12-25, 46, 6, 1, , , 6
2015-12-26, 25, 11, 1, , , 25
2015-12-27, 25, 10, 5, , , 5
2015-12-28, 24, 12, 4, , , 4
2015-12-29, 29, 13, 4, 1, , 4
2015-12-30, 37, , , , , 37
2016-01-01, 51, 13, 9, 1, , 9
2016-01-02, 36, 16, 10, 1, , 36
2016-01-03, 30, 10, 4, , , 4
2015-07-10, 43, 17, 2, 2, , 43
2015-07-11, 56, 11, 1, 2, , 56
2015-07-12, 34, 9, 4, 2, , 9
2015-07-13, 29, 8, 2, 2, , 8
2015-07-14, 27, 11, 2, 2, , 27
2015-07-15, 39, 13, 4, 2, , 4
2015-07-16, 36, 17, 3, 2, , 36
2015-07-17, 54, 12, 1, 2, , 54
2015-07-18, 47, 29, 1, 2, , 47
2015-07-19, 127, 13, 2, 2, , 2
2015-07-20, 76, 10, 2, 2, , 76
2015-07-21, 32, 8, 2, 2, , 8
2015-07-22, 44, 15, 2, 2, , 44
2015-07-23, 44, 13, 4, 2, , 44
2015-07-24, 41, 10, 2, 2, , 41
2015-07-25, 33, 11, 2, 2, , 33
2015-07-26, 27, 10, 3, 2, , 3
2015-07-27, 37, 14, 4, 3, , 4
2015-07-28, 45, 10, 2, 2, , 45
2015-07-29, 36, 15, 1, 2, , 36
2015-07-30, 49, 22, 3, 2, , 49
2015-07-31, 55, 10, 1, 2, , 55
2015-08-01, 43, 10, 1, 2, , 43
2015-08-02, 23, 11, 2, 2, , 23
2015-08-03, 34, 36, 3, 2, , 36
2015-08-04, 91, 21, 4, 2, , 91
2015-08-05, 62, 20, 2, 2, , 62
2015-08-06, 37, 30, 2, 2, , 37
2015-08-07, 28, 59, 1, 2, , 59
2015-08-08, 32, 11, 2, 2, , 32
2015-08-09, 42, 9, 3, 2, , 9
2015-08-10, 31, 15, 4, 2, , 4
2015-08-11, 39, 9, 1, 2, , 9
2015-08-12, 25, 16, 1, 2, , 25
2015-08-13, 33, 11, 3, 2, , 33
2015-08-14, 25, 12, 2, 2, , 25
2015-08-15, 25, 9, 3, 2, , 9
2015-08-16, 22, 11, 5, 2, , 5
2015-08-17, 49, 9, 2, 2, , 9
2015-08-18, 21, 13, 4, 3, , 4
2015-08-19, 38, 12, 4, 2, , 4
2015-08-20, 34, 12, 4, 2, , 4
2015-08-21, 32, 9, 2, 2, , 9
2015-08-22, 25, 8, 1, 2, , 8
2015-08-23, 19, 15, 6, 2, , 6
2015-08-24, 32, 20, 2, 2, , 32
2015-08-25, 71, 18, 5, 2, , 71
2015-08-26, 49, 14, 3, 2, , 49
2015-08-27, 34, 11, 4, 2, , 4
2015-08-28, 30, 12, 2, 3, , 30
2015-08-29, 31, 11, 3, 3, , 31
2015-08-30, 25, 8, 5, 2, , 8
2015-08-31, 28, 15, 6, 2, , 6
2015-09-01, 32, 10, 5, 2, , 5
2015-09-02, 30, 12, 4, 2, , 4
2015-09-03, 28, 15, 5, 2, , 5
2015-09-04, 29, 8, 2, 2, , 8
2015-09-05, 17, 9, 1, 2, , 9
2015-09-06, 20, 10, 1, 2, , 20
2015-09-07, 27, 12, 1, 2, , 27
2015-09-08, 27, 10, 1, 2, , 27
2015-09-09, 21, 15, 1, 2, , 21
2015-09-10, 30, 13, 3, 2, , 30
2015-09-11, 32, 11, 4, 2, , 4
2015-09-12, 33, 11, 5, 2, , 5
2015-09-13, 28, 12, 7, 2, , 7
2015-09-14, 36, 12, 5, 2, , 5
2015-09-15, 39, 15, 7, 3, , 7
2015-09-16, 41, 14, 6, 3, , 6
2015-09-17, 41, 12, 6, 2, , 6
2015-09-18, 31, 17, , 2, , 31
2015-09-19, 23, 11, 1, 2, , 23
2015-09-20, 26, 15, 4, 2, , 4
2015-09-21, 31, 12, 3, 2, , 31
2015-09-22, 28, 12, 4, 2, , 4
2015-09-23, 32, 15, 8, 3, , 8
2015-09-24, 39, 10, 3, 2, , 39
2015-09-25, 23, 7, 1, 2, , 7
2015-09-26, 23, 12, 1, 2, , 23
2015-09-27, 35, 13, 3, 2, , 35
2015-09-28, 28, 12, 3, 2, , 3
2015-09-29, 31, 11, 5, 2, , 5
2015-09-30, 26, 12, 3, 2, , 3
2023-01-02, , 6, 37, , , 6
2023-01-03, , 8, 71, 3, , 8
2023-01-04, , 11, 77, 19, , 77
2023-01-05, , 8, 38, 1, , 8
2023-01-06, , 3, , , , 3
2022-10-01, , 6, 3, , , 6
2022-10-02, , 7, 6, , , 7
2022-10-03, , 9, 6, , , 9
2022-10-04, , 3, 12, , , 3
2022-10-05, , 7, 16, , , 7
2022-10-06, , 6, 13, , , 6
2022-10-07, , 6, 9, , , 9
2022-10-08, , 4, 2, , , 4
2022-10-09, , 2, 5, , , 5
2022-10-10, , 7, 12, , , 7
2022-10-11, , 4, 10, , , 4
2022-10-12, , 7, 8, , , 8
2022-10-13, , 5, 25, , , 5
2022-10-14, , 18, 6, , , 6
2022-10-15, , 5, 9, , , 9
2022-10-16, , 13, 26, , , 26
2022-10-17, , 19, 26, , , 26
2022-10-18, , 17, 14, , , 17
2022-10-19, , 4, 5, , , 5
2022-10-20, , 6, 26, , , 6
2022-10-21, , 33, 18, , , 33
2022-10-22, , 23, , , , 23
2022-10-23, , 2, 9, , , 9
2022-10-24, , 7, 25, , , 7
2022-10-25, , 17, 13, , , 17
2022-10-26, , 25, 31, , , 31
2022-10-27, , 40, 28, , , 40
2022-10-28, , 14, 9, , , 9
2022-10-29, , 4, 14, , , 4
2022-10-30, , 6, 9, 1, , 9
2022-10-31, , 4, 20, , , 4
2022-11-01, , 21, 29, , , 29
2022-11-02, , 47, 25, , , 47
2022-11-03, , 29, 12, , , 29
2022-11-04, , 6, 1, , , 6
2022-11-05, , 9, 6, , , 9
2022-11-06, , 19, 24, , , 24
2022-11-07, , 25, 27, , , 27
2022-11-08, , 31, 21, , , 31
2022-11-09, , 28, 12, , , 28
2022-11-10, , 22, 8, , , 8
2022-11-11, , 8, 6, , , 8
2022-11-12, , 6, , , , 6
2022-11-13, , 4, 6, , , 6
2022-11-14, , 4, 16, , , 4
2022-11-15, , 6, 2, , , 6
2022-11-16, , 2, 3, , , 3
2022-11-17, , 6, 15, , , 6
2022-11-18, , 8, 1, , , 8
2022-11-19, , 6, 2, 1, , 6
2022-11-20, , 6, 3, 2, , 6
2022-11-21, , 2, 5, , , 5
2022-11-22, , 15, 1, , , 15
2022-11-23, , 24, 1, , , 24
2022-11-24, , 7, 18, , , 7
2022-11-25, , 36, 19, , , 36
2022-11-26, , 121, 8, , , 8
2022-11-27, , 198, 30, , , 30
2022-11-28, , 7, 4, , , 7
2022-11-29, , 2, 3, , , 3
2022-11-30, , 4, 3, , , 4
2022-12-01, , 12, 19, , , 19
2022-12-02, , 6, 34, , , 6
2022-12-03, , 6, 30, , , 6
2022-12-04, , 5, 35, , , 5
2022-12-05, , 5, 46, 1, , 5
2022-12-06, , 8, 32, , , 8
2022-12-07, , 5, 14, , , 5
2022-12-08, , 7, 20, , , 7
2022-12-09, , 17, 38, , , 38
2022-12-10, , 15, 34, 1, , 34
2022-12-11, , 10, 46, 1, , 46
2022-12-12, , 12, 37, , , 37
2022-12-13, , 11, 39, , , 39
2022-12-14, , 26, 44, 1, , 44
2022-12-15, , 21, 15, , , 21
2022-12-16, , 22, 1, , , 22
2022-12-17, , 2, 23, , , 23
2022-12-18, , 7, 10, , , 7
2022-12-19, , 18, 2, , , 2
2022-12-20, , 10, 6, , , 6
2022-12-21, , 5, 19, , , 5
2022-12-22, , 5, 24, , , 5
2022-12-23, , 7, 3, , , 7
2022-12-24, , 3, 1, , , 3
2022-12-25, , 7, 8, , , 8
2022-12-26, , 5, 18, , , 5
2022-12-27, , 11, 27, , , 27
2022-12-28, , 4, 55, 1, , 55
2022-12-29, , 7, 81, 1, , 81
2022-12-30, , 10, 11, , , 11
2022-12-31, , 9, 9, , , 9
2023-01-01, , 14, 13, , , 14
2022-07-01, , 6, 4, 1, , 6
2022-07-02, , 5, 1, 1, , 5
2022-07-03, , 5, , 1, , 5
2022-07-04, , 8, 1, 1, , 8
2022-07-05, , 6, 4, 1, , 6
2022-07-06, , 6, 6, 1, , 6
2022-07-07, , 8, 4, 1, , 8
2022-07-08, , 7, , 1, , 7
2022-07-09, , 3, 1, 1, , 3
2022-07-10, , 3, 1, 1, , 3
2022-07-11, , 3, 3, 1, , 3
2022-07-12, , 4, 4, 1, , 4
2022-07-13, , 4, 4, 1, , 4
2022-07-14, , 4, 2, 1, , 4
2022-07-15, , 4, , 1, , 4
2022-07-16, , 3, 1, 1, , 3
2022-07-17, , 6, 3, 1, , 6
2022-07-18, , 5, 5, 1, , 5
2022-07-19, , 7, 1, 1, , 7
2022-07-20, , 7, 3, 1, , 7
2022-07-21, , 4, 5, 1, , 5
2022-07-22, , 3, 1, 1, , 3
2022-07-23, , 3, 1, 1, , 3
2022-07-24, , 4, 6, 1, , 6
2022-07-25, , 4, 1, 1, , 4
2022-07-26, , 3, 4, 1, , 4
2022-07-27, , 3, 7, 1, , 7
2022-07-28, , 4, 2, 1, , 4
2022-07-29, , 5, , 1, , 5
2022-07-30, , 2, , 1, , 2
2022-07-31, , 5, , 1, , 5
2022-08-01, , 4, 4, 1, , 4
2022-08-02, , 4, 2, 1, , 4
2022-08-03, , 3, 1, 1, , 3
2022-08-04, , 3, 2, 1, , 3
2022-08-05, , 4, 3, 2, , 4
2022-08-06, , 5, 2, 1, , 5
2022-08-07, , 4, 2, 1, , 4
2022-08-08, , 5, 5, 1, , 5
2022-08-09, , 3, 9, 1, , 9
2022-08-10, , 6, 6, 1, , 6
2022-08-11, , 7, 6, 1, , 7
2022-08-12, , 8, 2, 9, , 9
2022-08-13, , 6, 1, 2, , 6
2022-08-14, , 7, 2, 1, , 7
2022-08-15, , 4, 4, 3, , 4
2022-08-16, , 6, 1, 1, , 6
2022-08-17, , 4, 5, 1, , 5
2022-08-18, , 6, 5, 1, , 6
2022-08-19, , 4, , 1, , 4
2022-08-20, , 6, 2, 1, , 6
2022-08-21, , 3, 3, 1, , 3
2022-08-22, , 4, 8, 1, , 8
2022-08-23, , 51, 10, 2, , 51
2022-08-24, , 6, 2, 2, , 6
2022-08-25, , 4, 6, 1, , 6
2022-08-26, , 8, 5, 1, , 8
2022-08-27, , 5, 3, 1, , 5
2022-08-28, , 4, , 1, , 4
2022-08-29, , 52, 6, 1, , 6
2022-08-30, , 8, 4, 1, , 8
2022-08-31, , 7, 5, 1, , 7
2022-09-01, , 43, 8, 1, , 8
2022-09-02, , 8, 7, 2, , 8
2022-09-03, , 7, 4, 2, , 7
2022-09-04, , 7, 9, 2, , 9
2022-09-05, , 9, 14, 2, , 9
2022-09-06, , 12, 14, 2, , 2
2022-09-07, , 14, 4, 1, , 4
2022-09-08, , 9, 9, 1, , 9
2022-09-09, , 5, 5, 1, , 5
2022-09-10, , 45, 2, 1, , 45
2022-09-11, , 4, 11, 2, , 4
2022-09-12, , 10, 10, 1, , 10
2022-09-13, , 13, 9, 1, , 9
2022-09-14, , 5, 14, 2, , 5
2022-09-15, , 7, 15, 2, , 7
2022-09-16, , 6, 7, 2, , 7
2022-09-17, , 5, , 1, , 5
2022-09-18, , 23, 3, 1, , 3
2022-09-19, , 1, 6, 1, , 6
2022-09-20, , 5, 8, 1, , 8
2022-09-21, , 6, 9, , , 9
2022-09-22, , 4, 11, , , 4
2022-09-23, , 11, 2, , , 2
2022-09-24, , 9, 6, , , 9
2022-09-25, , 23, 11, , , 23
2022-09-26, , 17, 12, , , 17
2022-09-27, , 31, 8, , , 8
2022-09-28, , 15, 3, , , 3
2022-09-29, , 2, 9, , , 9
2022-09-30, , 3, 7, , , 7
2022-04-08, , 880, 9, 4, , 9
2022-04-11, , 108, 2, 4, , 4
2022-04-12, , 10, 2, 3, , 3
2022-04-13, , 14, 3, 4, , 4
2022-04-14, , 3, 1, 3, , 3
2022-04-15, , 9, , 3, , 9
2022-04-16, , 4, 1, 3, , 4
2022-04-17, , 10, 2, 3, , 3
2022-04-18, , 11, 1, 3, , 3
2022-04-19, , 27, 8, 4, , 8
2022-04-20, , 8, 4, 4, , 8
2022-04-21, , 14, 1, 4, , 4
2022-04-22, , 15, 2, 4, , 4
2022-04-23, , 18, 1, 4, , 4
2022-04-24, , 7, , 3, , 7
2022-04-25, , 19, 8, 4, , 8
2022-04-26, , 17, 10, 4, , 4
2022-04-27, , 15, 6, 4, , 6
2022-04-28, , 17, 7, 4, , 7
2022-04-29, , 19, 6, 4, , 6
2022-04-30, , 16, 7, 4, , 7
2022-05-01, , 14, 2, 4, , 4
2022-05-02, , 13, 2, 4, , 4
2022-05-03, , 4, 4, 4, , 4
2022-05-04, , 9, 5, 4, , 9
2022-05-05, , 13, 5, 4, , 5
2022-05-06, , 17, 8, 10, , 8
2022-05-07, , 14, 1, , , 14
2022-05-08, , 4, , , , 4
2022-05-09, , 13, 5, , , 5
2022-05-10, , 14, 4, , , 4
2022-05-11, , 8, 7, , , 8
2022-05-12, , 10, 3, , , 3
2022-05-13, , 10, 4, , , 4
2022-05-14, , 9, 1, , , 9
2022-05-15, , 7, , , , 7
2022-05-16, , 22, , , , 22
2022-05-17, , 20, 1, , , 20
2022-05-18, , 12, 7, , , 7
2022-05-19, , 7, 1, , , 7
2022-05-20, , 5, , , , 5
2022-05-21, , 7, 1, 1, , 7
2022-05-22, , 6, , , , 6
2022-05-23, , 9, 4, 1, , 9
2022-05-24, , 7, 4, , , 7
2022-05-25, , 5, 4, , , 5
2022-05-26, , 8, 2, 1, , 8
2022-05-27, , 8, 3, 1, , 8
2022-05-28, , 9, , 1, , 9
2022-05-29, , 6, 2, 1, , 6
2022-05-30, , 10, 5, 2, , 5
2022-05-31, , 7, 4, 1, , 7
2022-06-01, , 8, 6, 1, , 8
2022-06-02, , 8, 10, 1, , 8
2022-06-03, , 5, 12, 1, , 5
2022-06-04, , 6, 1, , , 6
2022-06-05, , 6, 3, , , 6
2022-06-06, , 6, 1, 1, , 6
2022-06-07, , 14, 1, , , 14
2022-06-08, , 11, 4, 1, , 4
2022-06-09, , 25, 2, 1, , 25
2022-06-10, , 48, 4, 1, , 48
2022-06-11, , 11, , 1, , 11
2022-06-12, , 5, 2, 1, , 5
2022-06-13, , 3, 1, 1, , 3
2022-06-14, , 6, 1, , , 6
2022-06-15, , 7, 1, , , 7
2022-06-16, , 9, 1, , , 9
2022-06-17, , 7, 1, , , 7
2022-06-18, , 9, , 1, , 9
2022-06-19, , 11, 1, 1, , 11
2022-06-20, , 7, 6, 1, , 7
2022-06-21, , 8, 3, 1, , 8
2022-06-22, , 11, 8, 1, , 8
2022-06-23, , 7, 4, , , 7
2022-06-24, , 6, 3, 1, , 6
2022-06-25, , 6, , 1, , 6
2022-06-26, , 4, 1, 1, , 4
2022-06-27, , 151, 5, 1, , 5
2022-06-28, , 7, 2, 1, , 7
2022-06-29, , 8, 4, 1, , 8
2022-06-30, , 7, 3, 1, , 7
2022-02-01, , 260, 26, 4, , 4
2022-02-02, , 708, 33, 4, , 708
2021-12-21, , 6, 6, 2, , 6
2020-11-20, , 8, 19, 3, , 8
2020-11-21, , 6, 22, 3, , 6
2020-11-22, , 7, 27, 3, , 7
2020-12-13, , 16, 10, 3, , 3
2020-12-14, , 15, 10, 3, , 3
2020-12-15, , 24, 13, 3, , 3
2020-08-02, , 7, 3, 2, , 7
2020-03-31, , 17, 2, , , 2
2020-04-04, , 4, 1, 1, , 4
2020-04-05, , 10, 2, 1, , 2
2020-04-06, , 10, 6, 1, , 6
2020-04-07, , 28, 9, 2, , 9
2020-04-08, , 14, 4, 2, , 4
2020-04-09, , 4, 1, 2, , 4
2020-04-10, , 14, 3, 2, , 3
2020-04-11, , 5, 1, 2, , 5
2020-04-12, , 9, 2, 2, , 9
2020-04-13, , 33, 5, 1, , 5
2020-04-14, , 24, 5, 2, , 5
2020-04-15, , 30, 8, 2, , 8
2020-04-18, , 2, 2, 2, , 2
2020-04-19, , 7, 2, 2, , 7
2020-04-20, , 8, 3, 1, , 8
2020-04-21, , 12, 7, 1, , 7
2020-04-22, , 8, 3, 2, , 8
2019-12-31, , 56, 4, 2, , 56
2020-02-15, , 8, 4, , , 8
2020-03-02, , 10, 28, , , 28
2020-03-03, , 2, 8, , , 8
2020-03-04, , 7, 18, , , 7
2020-03-21, , 6, 1, , , 6
2020-03-22, , 11, 3, , , 3
2020-03-25, , 10, 7, , , 7
2020-03-28, , 11, 2, 1, , 2
2020-03-29, , 23, 5, 1, , 5
2020-03-30, , 281, 3, 1, , 3
2019-12-21, , 14, 28, 3, , 3
2019-12-22, , 17, 50, 3, , 50
2019-12-23, , 14, 35, 3, , 35
2019-12-24, , 9, 16, 2, , 9
2019-09-21, , 8, , , , 8
2019-09-22, , 7, , , , 7
2019-05-03, , 18, 1, , , 18
2019-06-18, , 10, 3, 1, , 3
2019-03-10, , 6, , 1, , 6
2018-11-12, , 25, , 1, , 25
2018-11-13, , 31, , , , 31
2018-11-14, , 51, , 1, , 51
2018-11-15, , 7, , , , 7
2018-11-16, , 13, , , , 13
2018-11-17, , 19, , , , 19
2018-11-18, , 23, , , , 23
2018-11-19, , 24, , , , 24
2018-11-20, , 22, , 1, , 22
2018-11-21, , 48, , 1, , 48
2018-11-22, , 26, , 1, , 26
2018-11-23, , 17, , 2, , 2
2018-11-24, , 8, , 1, , 8
2018-11-25, , 9, , , , 9
2018-11-26, , 11, , , , 11
2018-11-27, , 47, , , , 47
2018-11-28, , 38, , , , 38
2018-11-29, , 18, , , , 18
2018-12-02, , 48, , , , 48
2018-12-03, , 15, , 1, , 15
2018-12-04, , 6, , , , 6
2018-12-05, , 17, , , , 17
2018-12-06, , 12, , , , 12
2018-08-19, , 8, 2, 2, , 8
2018-08-20, , 13, 2, 2, , 2
2018-04-01, , 21, 1, 1, , 21
2018-04-02, , 7, 2, 1, , 7
2018-04-03, , 21, 6, 1, , 6
2018-04-04, , 45, 13, 2, , 45
2018-04-05, , 41, 11, 1, , 41
2018-04-06, , 37, 11, 2, , 37
2018-04-07, , 28, 13, 2, , 28
2018-04-08, , 28, 3, 1, , 3
2018-04-09, , 43, 7, 1, , 7
2018-04-10, , 39, 4, 1, , 4
2018-04-11, , 11, 5, 1, , 5
2018-04-12, , 11, 14, 2, , 2
2018-04-13, , 34, 7, 2, , 7
2018-04-14, , 6, 4, 1, , 6
2018-04-15, , 12, 1, 2, , 2
2018-04-16, , 62, 2, 2, , 62
2018-04-17, , 60, 3, 2, , 60
2018-04-18, , 14, 5, 2, , 5
2018-04-19, , 19, 3, 2, , 3
2018-04-20, , 26, 13, 2, , 26
2018-04-21, , 10, 3, 2, , 3
2018-04-22, , 16, 6, 2, , 6
2018-04-23, , 24, 10, 2, , 24
2018-04-24, , 7, 4, 2, , 7
2018-04-25, , 9, 11, 2, , 9
2018-04-26, , 8, 11, 2, , 8
2018-04-27, , 17, 13, 2, , 2
2018-04-28, , 16, 4, 2, , 4
2018-04-29, , 10, 5, 1, , 5
2018-04-30, , 24, 18, 2, , 24
2018-05-01, , 18, 6, 2, , 6
2018-05-02, , 18, 14, 2, , 2
2018-05-03, , 16, 11, 2, , 2
2018-05-04, , 22, 10, 2, , 22
2018-05-05, , 20, 7, 2, , 7
2018-05-06, , 19, 4, 2, , 4
2018-05-07, , 11, 7, 2, , 7
2018-05-08, , 7, 8, 2, , 8
2018-05-09, , 8, 4, 2, , 8
2018-05-10, , 7, 8, 3, , 8
2018-05-11, , 11, 7, 2, , 7
2018-01-01, , 229, 8, 1, , 8
2018-01-02, , 10, 25, 2, , 25
2018-01-03, , 34, 10, 1, , 34
2018-01-04, , 33, 28, 2, , 33
2018-01-05, , 52, 27, 2, , 52
2018-01-06, , 25, 3, 1, , 3
2018-01-07, , 10, 18, 1, , 18
2018-01-08, , 13, 5, 1, , 5
2018-01-09, , 19, 22, 1, , 22
2018-01-10, , 14, 10, 1, , 14
2018-01-11, , 13, 13, 1, , 13
2018-01-12, , 23, 5, 1, , 5
2018-01-13, , 10, 3, 1, , 3
2018-01-14, , 11, 25, 2, , 25
2018-01-15, , 16, 9, 1, , 9
2018-01-16, , 12, 47, 3, , 47
2018-01-17, , 21, 31, 2, , 31
2018-01-18, , 10, 61, 3, , 61
2018-01-19, , 14, 45, 2, , 45
2018-01-20, , 12, 3, 1, , 3
2018-01-21, , 16, 3, 1, , 3
2018-01-22, , 11, 9, 1, , 9
2018-01-23, , 6, 10, 1, , 6
2018-01-24, , 11, 32, 2, , 32
2018-01-25, , 17, 10, 1, , 17
2018-01-26, , 8, 23, 1, , 8
2018-01-27, , 12, 21, 1, , 21
2018-01-28, , 13, 21, 2, , 21
2018-01-29, , 15, 13, 1, , 15
2018-01-30, , 7, 37, 2, , 7
2018-01-31, , 12, 13, 1, , 13
2018-02-01, , 7, 11, 1, , 7
2018-02-02, , 12, 13, 2, , 2
2018-02-03, , 24, 4, 1, , 4
2018-02-04, , 10, 12, 2, , 2
2018-02-05, , 17, 14, 1, , 17
2018-02-06, , 17, 11, 2, , 2
2018-02-07, , 18, 16, 2, , 2
2018-02-08, , 14, 14, 2, , 2
2018-02-09, , 15, 5, 1, , 5
2018-02-10, , 15, 1, 1, , 15
2018-02-11, , 15, 21, 2, , 21
2018-02-12, , 12, 20, 1, , 20
2018-02-13, , 11, 6, 1, , 6
2018-02-14, , 9, 41, 3, , 9
2018-02-15, , 17, 15, 2, , 2
2018-02-16, , 15, 16, 1, , 16
2018-02-17, , 9, 1, 1, , 9
2018-02-18, , 6, 4, 1, , 6
2018-02-19, , 16, 19, 2, , 2
2018-02-20, , 23, 8, 1, , 8
2018-02-21, , 36, 7, 1, , 7
2018-02-22, , 38, 3, 1, , 38
2018-02-23, , 10, 2, 1, , 2
2018-02-24, , 17, 2, 1, , 2
2018-02-25, , 21, 4, 1, , 4
2018-02-26, , 21, 7, 1, , 7
2018-02-27, , 27, 31, 2, , 31
2018-02-28, , 62, 13, 1, , 62
2018-03-01, , 36, 16, 1, , 36
2018-03-02, , 60, 11, 1, , 60
2018-03-03, , 40, 5, 1, , 5
2018-03-04, , 37, 12, 1, , 37
2018-03-05, , 47, 6, 1, , 6
2018-03-06, , 28, 19, 2, , 28
2018-03-07, , 36, 31, 2, , 36
2018-03-08, , 62, 10, 1, , 62
2018-03-09, , 29, 2, 1, , 29
2018-03-10, , 31, 12, 1, , 31
2018-03-11, , 38, 21, 2, , 38
2018-03-12, , 39, 13, 1, , 39
2018-03-13, , 33, 3, 1, , 33
2018-03-14, , 13, 6, 1, , 6
2018-03-15, , 10, 7, 1, , 7
2018-03-16, , 14, 5, 1, , 5
2018-03-17, , 13, 4, 1, , 4
2018-03-18, , 25, 18, 1, , 25
2018-03-19, , 34, 13, 1, , 34
2018-03-20, , 19, 10, 1, , 19
2018-03-21, , 20, 14, 2, , 20
2018-03-22, , 10, 18, 2, , 2
2018-03-23, , 21, 16, 2, , 21
2018-03-24, , 33, 5, 1, , 5
2018-03-25, , 20, 3, 1, , 3
2018-03-26, , 44, 4, 1, , 44
2018-03-27, , 11, 7, 1, , 7
2018-03-28, , 44, 16, 2, , 44
2018-03-29, , 46, 11, 2, , 46
2018-03-30, , 39, 11, 2, , 39
2018-03-31, , 35, 1, 1, , 35
2016-10-12, , 10, 10, , , 10
2016-11-17, , 9, 7, , , 9
2016-11-18, , 7, 5, , , 7
2016-11-19, , 13, 11, , , 13
2016-11-20, , 16, 30, 1, , 30
2016-11-21, , 6, 13, , , 6
2016-11-22, , 7, 21, , , 7
2016-11-23, , 8, 11, , , 8
2016-11-24, , 37, 13, , , 37
2016-11-25, , 26, 7, , , 7
2016-11-26, , 20, 6, , , 6
2016-11-27, , 16, 15, , , 16
2016-11-28, , 16, 20, , , 20
2016-11-29, , 10, 23, , , 23
2016-11-30, , 19, 11, , , 19
2016-12-01, , 22, 8, , , 8
2016-12-02, , 7, 3, , , 7
2016-12-03, , 18, 4, , , 4
2016-12-04, , 22, 9, , , 9
2016-12-05, , 10, 3, , , 3
2016-12-06, , 7, 14, , , 7
2016-12-07, , 5, 7, , , 7
2016-12-08, , 21, 7, , , 7
2016-12-09, , 128, 23, 1, , 23
2016-12-10, , 12, 14, , , 14
2016-12-11, , 15, 21, 1, , 21
2016-12-12, , 19, 4, , , 4
2016-12-13, , 20, 11, , , 20
2016-12-14, , 13, 5, , , 5
2016-12-15, , 17, 15, , , 17
2016-12-16, , 8, 5, , , 8
2016-12-17, , 22, 7, , , 7
2016-12-18, , 18, 9, 1, , 9
2016-12-19, , 17, 8, , , 8
2016-12-20, , 13, 29, , , 29
2016-12-21, , 12, 19, , , 19
2016-12-22, , 10, 11, , , 11
2016-12-23, , 13, 15, , , 15
2016-12-24, , 7, 3, , , 7
2016-12-25, , 17, 6, , , 6
2016-12-26, , 26, 3, , , 3
2016-12-27, , 33, 6, 1, , 6
2016-12-28, , 15, 4, , , 4
2016-12-29, , 15, 17, 1, , 17
2016-12-30, , 30, 17, , , 30
2016-07-08, , 14, 1, 1, , 14
2016-08-29, , 10, 10, , , 10
2015-12-16, , 9, 3, , , 9
2015-12-17, , 9, 5, , , 9
2015-12-18, , 23, 10, 1, , 23
2015-12-31, , 23, 2, 1, , 23
2015-07-09, , 13, 3, 2, , 3
2022-04-01, , , 3, 4, , 4
2022-04-02, , , 3, 3, , 3
2022-04-03, , , 3, 3, , 3
2022-04-04, , , 7, 4, , 7
2022-04-05, , , 4, 3, , 4
2022-04-06, , , 7, 3, , 7
2022-04-07, , , 7, 4, , 7
2022-04-09, , , , 4, , 4
2022-04-10, , , , 3, , 3
2022-02-03, , , 13, 3, , 3
2022-02-04, , , 4, 3, , 4
2022-02-05, , , 8, 3, , 8
2022-02-06, , , 3, 3, , 3
2022-02-07, , , 12, 3, , 3
2022-02-08, , , 12, 3, , 3
2022-02-09, , , 24, 3, , 3
2022-02-10, , , 10, 3, , 3
2022-02-11, , , 17, 3, , 3
2022-02-12, , , 5, 3, , 5
2022-02-13, , , 2, 3, , 3
2022-02-14, , , 11, 3, , 3
2022-02-15, , , 12, 3, , 3
2022-02-16, , , 18, 3, , 3
2022-02-17, , , 13, 3, , 3
2022-02-18, , , 3, 3, , 3
2022-02-19, , , 4, 3, , 4
2022-02-20, , , 9, 3, , 9
2022-02-21, , , 11, 3, , 3
2022-02-22, , , 7, 3, , 7
2022-02-23, , , 15, 3, , 3
2022-02-24, , , 2, 3, , 3
2022-02-25, , , 8, 3, , 8
2022-02-26, , , 2, 3, , 3
2022-02-27, , , 18, 3, , 3
2022-02-28, , , 15, 3, , 3
2022-03-01, , , 4, 3, , 4
2022-03-02, , , 16, 3, , 3
2022-03-03, , , 24, 4, , 4
2022-03-04, , , 7, 3, , 7
2022-03-05, , , 6, 3, , 6
2022-03-06, , , 23, 3, , 3
2022-03-07, , , 5, 3, , 5
2022-03-08, , , 23, 3, , 3
2022-03-09, , , 6, 3, , 6
2022-03-10, , , 4, 3, , 4
2022-03-11, , , 4, 3, , 4
2022-03-12, , , 4, 3, , 4
2022-03-13, , , 2, 3, , 3
2022-03-14, , , 11, 3, , 3
2022-03-15, , , 13, 4, , 4
2022-03-16, , , 7, 3, , 7
2022-03-17, , , 17, 4, , 4
2022-03-18, , , 14, 4, , 4
2022-03-19, , , 9, 4, , 9
2022-03-20, , , 5, 5, , 5
2022-03-21, , , 23, 4, , 4
2022-03-22, , , 5, 3, , 5
2022-03-23, , , 18, 3, , 3
2022-03-24, , , 2, 3, , 3
2022-03-25, , , 5, 3, , 5
2022-03-26, , , 2, 3, , 3
2022-03-27, , , 2, 3, , 3
2022-03-28, , , 3, 3, , 3
2022-03-29, , , 7, 3, , 7
2022-03-30, , , 15, 3, , 3
2022-03-31, , , 15, 4, , 4
2017-12-31, , , 54, 5, , 54
2020-03-23, , , , , ,
2020-03-24, , , , , ,
2018-12-10, , , , , ,
2018-12-11, , , , , ,
2018-12-12, , , , , ,
2018-12-13, , , , , ,
2018-12-14, , , , , ,
2018-12-15, , , , , ,
2018-12-16, , , , 1, , 1
2016-08-27, , , , , ,
2016-08-28, , , , 1, , 1
